,customer_id_x,customer_name,customer_email,customer_cpf,customer_cellphone,customer_password,customer_cep,customer_date_created,customer_date_modified,order_id,order_date,order_quantity,store_store_product_id,store_product_id,store_id,product_id,store_product_price,store_name,store_description,store_category,store_date_created,store_date_modified,customer_id_y,product_name,product_short_description,product_description,product_price_suggested,product_category,product_created,product_modified,customer_id
0,4,Emily Johnson,emily.johnson@example.com,45678901234,456-789-0123,password123,45678,2024-05-13 02:00:37,2024-05-13 02:00:37,1,2024-04-01,1,1,1,1,4,40,Crafty Creations,Handmade jewelry and accessories,Fashion,2024-05-13 02:00:37,2024-05-13 02:00:37,1,Handcrafted Vase,Beautiful handcrafted vase,"This exquisite vase is handcrafted by skilled artisans, adding elegance to any space.",40,Decor,2024-05-13 02:00:37,2024-05-13 02:00:37,4
1,4,Emily Johnson,emily.johnson@example.com,45678901234,456-789-0123,password123,45678,2024-05-13 02:00:37,2024-05-13 02:00:37,13,2024-04-05,1,13,13,1,16,40,Crafty Creations,Handmade jewelry and accessories,Fashion,2024-05-13 02:00:37,2024-05-13 02:00:37,1,Artisanal Cheese Board,Artisanal cheese board,"Entertain in style with this artisanal cheese board, crafted from high-quality wood and featuring a built-in knife holder.",40,Kitchen & Dining,2024-05-13 02:00:37,2024-05-13 02:00:37,4
2,4,Emily Johnson,emily.johnson@example.com,45678901234,456-789-0123,password123,45678,2024-05-13 02:00:37,2024-05-13 02:00:37,25,2024-04-09,1,25,25,2,11,60,Rustic Elegance,Custom-made wooden furniture,Home Decor,2024-05-13 02:00:37,2024-05-13 02:00:37,2,Handwoven Area Rug,Handwoven area rug,"Add warmth and texture to your floors with this handwoven area rug, crafted from natural fibers.",60,Home Decor,2024-05-13 02:00:37,2024-05-13 02:00:37,11
3,4,Emily Johnson,emily.johnson@example.com,45678901234,456-789-0123,password123,45678,2024-05-13 02:00:37,2024-05-13 02:00:37,37,2024-04-13,1,37,37,3,6,25,Artisanal Wonders,Unique artisanal kitchenware,Kitchen & Dining,2024-05-13 02:00:37,2024-05-13 02:00:37,3,Artisanal Serving Tray,Unique artisanal serving tray,"Serve your guests in style with this handcrafted serving tray, featuring intricate designs.",25,Kitchen & Dining,2024-05-13 02:00:37,2024-05-13 02:00:37,6
4,4,Emily Johnson,emily.johnson@example.com,45678901234,456-789-0123,password123,45678,2024-05-13 02:00:37,2024-05-13 02:00:37,49,2024-04-17,1,49,49,3,18,55,Artisanal Wonders,Unique artisanal kitchenware,Kitchen & Dining,2024-05-13 02:00:37,2024-05-13 02:00:37,3,Handblown Glass Vase,Handblown glass vase,"Elevate your floral arrangements with this handblown glass vase, featuring a unique organic shape.",55,Decor,2024-05-13 02:00:37,2024-05-13 02:00:37,6
5,4,Emily Johnson,emily.johnson@example.com,45678901234,456-789-0123,password123,45678,2024-05-13 02:00:37,2024-05-13 02:00:37,61,2024-04-21,1,61,61,4,13,35,Eco-Friendly Finds,Sustainable home decor and accessories,Eco-Friendly,2024-05-13 02:00:37,2024-05-13 02:00:37,4,Minimalist Wall Clock,Minimalist wall clock,"Keep track of time in style with this minimalist wall clock, featuring a sleek design.",35,Home Decor,2024-05-13 02:00:37,2024-05-13 02:00:37,13
6,4,Emily Johnson,emily.johnson@example.com,45678901234,456-789-0123,password123,45678,2024-05-13 02:00:37,2024-05-13 02:00:37,73,2024-04-25,1,73,73,5,8,20,Boho Chic,Bohemian-inspired decor and accessories,Decor,2024-05-13 02:00:37,2024-05-13 02:00:37,5,Handmade Throw Pillow,Cozy handmade throw pillow,"Add comfort and style to your living room with this handcrafted throw pillow, featuring a unique pattern.",20,Home Decor,2024-05-13 02:00:37,2024-05-13 02:00:37,8
7,4,Emily Johnson,emily.johnson@example.com,45678901234,456-789-0123,password123,45678,2024-05-13 02:00:37,2024-05-13 02:00:37,85,2024-04-29,1,85,85,5,20,70,Boho Chic,Bohemian-inspired decor and accessories,Decor,2024-05-13 02:00:37,2024-05-13 02:00:37,5,Modern Wall Mirror,Modern wall mirror,"Add depth and style to your space with this modern wall mirror, featuring a sleek frameless design.",70,Home Decor,2024-05-13 02:00:37,2024-05-13 02:00:37,8
8,4,Emily Johnson,emily.johnson@example.com,45678901234,456-789-0123,password123,45678,2024-05-13 02:00:37,2024-05-13 02:00:37,91,2024-04-01,2,6,6,1,9,45,Crafty Creations,Handmade jewelry and accessories,Fashion,2024-05-13 02:00:37,2024-05-13 02:00:37,1,Rustic Wooden Shelf,Rustic wooden shelf,"Display your favorite decor items with this rustic wooden shelf, crafted from reclaimed wood.",45,Decor,2024-05-13 02:00:37,2024-05-13 02:00:37,9
9,4,Emily Johnson,emily.johnson@example.com,45678901234,456-789-0123,password123,45678,2024-05-13 02:00:37,2024-05-13 02:00:37,103,2024-04-05,2,18,18,2,4,40,Rustic Elegance,Custom-made wooden furniture,Home Decor,2024-05-13 02:00:37,2024-05-13 02:00:37,2,Handcrafted Vase,Beautiful handcrafted vase,"This exquisite vase is handcrafted by skilled artisans, adding elegance to any space.",40,Decor,2024-05-13 02:00:37,2024-05-13 02:00:37,4
10,4,Emily Johnson,emily.johnson@example.com,45678901234,456-789-0123,password123,45678,2024-05-13 02:00:37,2024-05-13 02:00:37,115,2024-04-09,2,30,30,2,16,40,Rustic Elegance,Custom-made wooden furniture,Home Decor,2024-05-13 02:00:37,2024-05-13 02:00:37,2,Artisanal Cheese Board,Artisanal cheese board,"Entertain in style with this artisanal cheese board, crafted from high-quality wood and featuring a built-in knife holder.",40,Kitchen & Dining,2024-05-13 02:00:37,2024-05-13 02:00:37,4
11,4,Emily Johnson,emily.johnson@example.com,45678901234,456-789-0123,password123,45678,2024-05-13 02:00:37,2024-05-13 02:00:37,127,2024-04-13,2,42,42,3,11,60,Artisanal Wonders,Unique artisanal kitchenware,Kitchen & Dining,2024-05-13 02:00:37,2024-05-13 02:00:37,3,Handwoven Area Rug,Handwoven area rug,"Add warmth and texture to your floors with this handwoven area rug, crafted from natural fibers.",60,Home Decor,2024-05-13 02:00:37,2024-05-13 02:00:37,11
12,4,Emily Johnson,emily.johnson@example.com,45678901234,456-789-0123,password123,45678,2024-05-13 02:00:37,2024-05-13 02:00:37,139,2024-04-17,2,54,54,4,6,25,Eco-Friendly Finds,Sustainable home decor and accessories,Eco-Friendly,2024-05-13 02:00:37,2024-05-13 02:00:37,4,Artisanal Serving Tray,Unique artisanal serving tray,"Serve your guests in style with this handcrafted serving tray, featuring intricate designs.",25,Kitchen & Dining,2024-05-13 02:00:37,2024-05-13 02:00:37,6
13,4,Emily Johnson,emily.johnson@example.com,45678901234,456-789-0123,password123,45678,2024-05-13 02:00:37,2024-05-13 02:00:37,151,2024-04-21,2,66,66,4,18,55,Eco-Friendly Finds,Sustainable home decor and accessories,Eco-Friendly,2024-05-13 02:00:37,2024-05-13 02:00:37,4,Handblown Glass Vase,Handblown glass vase,"Elevate your floral arrangements with this handblown glass vase, featuring a unique organic shape.",55,Decor,2024-05-13 02:00:37,2024-05-13 02:00:37,6
14,4,Emily Johnson,emily.johnson@example.com,45678901234,456-789-0123,password123,45678,2024-05-13 02:00:37,2024-05-13 02:00:37,163,2024-04-25,2,78,78,5,13,35,Boho Chic,Bohemian-inspired decor and accessories,Decor,2024-05-13 02:00:37,2024-05-13 02:00:37,5,Minimalist Wall Clock,Minimalist wall clock,"Keep track of time in style with this minimalist wall clock, featuring a sleek design.",35,Home Decor,2024-05-13 02:00:37,2024-05-13 02:00:37,13
15,4,Emily Johnson,emily.johnson@example.com,45678901234,456-789-0123,password123,45678,2024-05-13 02:00:37,2024-05-13 02:00:37,175,2024-04-29,2,20,20,2,6,25,Rustic Elegance,Custom-made wooden furniture,Home Decor,2024-05-13 02:00:37,2024-05-13 02:00:37,2,Artisanal Serving Tray,Unique artisanal serving tray,"Serve your guests in style with this handcrafted serving tray, featuring intricate designs.",25,Kitchen & Dining,2024-05-13 02:00:37,2024-05-13 02:00:37,6
16,4,Emily Johnson,emily.johnson@example.com,45678901234,456-789-0123,password123,45678,2024-05-13 02:00:37,2024-05-13 02:00:37,187,2024-04-03,2,30,30,2,16,40,Rustic Elegance,Custom-made wooden furniture,Home Decor,2024-05-13 02:00:37,2024-05-13 02:00:37,2,Artisanal Cheese Board,Artisanal cheese board,"Entertain in style with this artisanal cheese board, crafted from high-quality wood and featuring a built-in knife holder.",40,Kitchen & Dining,2024-05-13 02:00:37,2024-05-13 02:00:37,4
17,4,Emily Johnson,emily.johnson@example.com,45678901234,456-789-0123,password123,45678,2024-05-13 02:00:37,2024-05-13 02:00:37,199,2024-04-07,2,67,67,4,19,30,Eco-Friendly Finds,Sustainable home decor and accessories,Eco-Friendly,2024-05-13 02:00:37,2024-05-13 02:00:37,4,Scandinavian Throw Blanket,Scandinavian throw blanket,"Stay cozy on chilly nights with this Scandinavian-inspired throw blanket, featuring a classic striped design.",30,Home Decor,2024-05-13 02:00:37,2024-05-13 02:00:37,7
18,5,Michael Brown,michael.brown@example.com,56789012345,567-890-1234,password456,56789,2024-05-13 02:00:37,2024-05-13 02:00:37,2,2024-04-01,2,2,2,1,5,150,Crafty Creations,Handmade jewelry and accessories,Fashion,2024-05-13 02:00:37,2024-05-13 02:00:37,1,Vintage Armchair,Elegant vintage armchair,Add a touch of vintage charm to your home with this beautifully upholstered armchair.,150,Furniture,2024-05-13 02:00:37,2024-05-13 02:00:37,5
19,5,Michael Brown,michael.brown@example.com,56789012345,567-890-1234,password456,56789,2024-05-13 02:00:37,2024-05-13 02:00:37,14,2024-04-05,2,14,14,1,17,35,Crafty Creations,Handmade jewelry and accessories,Fashion,2024-05-13 02:00:37,2024-05-13 02:00:37,1,Bohemian Wall Tapestry,Bohemian wall tapestry,"Add a bohemian flair to your space with this colorful wall tapestry, featuring intricate patterns and fringe details.",35,Home Decor,2024-05-13 02:00:37,2024-05-13 02:00:37,5
20,5,Michael Brown,michael.brown@example.com,56789012345,567-890-1234,password456,56789,2024-05-13 02:00:37,2024-05-13 02:00:37,26,2024-04-09,2,26,26,2,12,15,Rustic Elegance,Custom-made wooden furniture,Home Decor,2024-05-13 02:00:37,2024-05-13 02:00:37,2,Ceramic Plant Pot,Ceramic plant pot,"Bring nature indoors with this elegant ceramic plant pot, perfect for housing your favorite houseplants.",15,Garden,2024-05-13 02:00:37,2024-05-13 02:00:37,12
21,5,Michael Brown,michael.brown@example.com,56789012345,567-890-1234,password456,56789,2024-05-13 02:00:37,2024-05-13 02:00:37,38,2024-04-13,2,38,38,3,7,80,Artisanal Wonders,Unique artisanal kitchenware,Kitchen & Dining,2024-05-13 02:00:37,2024-05-13 02:00:37,3,Abstract Canvas Painting,Contemporary abstract canvas painting,"Enhance your walls with this vibrant abstract canvas painting, perfect for modern interiors.",80,Art,2024-05-13 02:00:37,2024-05-13 02:00:37,7
22,5,Michael Brown,michael.brown@example.com,56789012345,567-890-1234,password456,56789,2024-05-13 02:00:37,2024-05-13 02:00:37,50,2024-04-17,2,50,50,3,19,30,Artisanal Wonders,Unique artisanal kitchenware,Kitchen & Dining,2024-05-13 02:00:37,2024-05-13 02:00:37,3,Scandinavian Throw Blanket,Scandinavian throw blanket,"Stay cozy on chilly nights with this Scandinavian-inspired throw blanket, featuring a classic striped design.",30,Home Decor,2024-05-13 02:00:37,2024-05-13 02:00:37,7
23,5,Michael Brown,michael.brown@example.com,56789012345,567-890-1234,password456,56789,2024-05-13 02:00:37,2024-05-13 02:00:37,62,2024-04-21,2,62,62,4,14,25,Eco-Friendly Finds,Sustainable home decor and accessories,Eco-Friendly,2024-05-13 02:00:37,2024-05-13 02:00:37,4,Handmade Soap Set,Luxurious handmade soap set,"Pamper yourself with this luxurious handmade soap set, featuring natural ingredients and soothing scents.",25,Bath & Body,2024-05-13 02:00:37,2024-05-13 02:00:37,14
24,5,Michael Brown,michael.brown@example.com,56789012345,567-890-1234,password456,56789,2024-05-13 02:00:37,2024-05-13 02:00:37,74,2024-04-25,2,74,74,5,9,45,Boho Chic,Bohemian-inspired decor and accessories,Decor,2024-05-13 02:00:37,2024-05-13 02:00:37,5,Rustic Wooden Shelf,Rustic wooden shelf,"Display your favorite decor items with this rustic wooden shelf, crafted from reclaimed wood.",45,Decor,2024-05-13 02:00:37,2024-05-13 02:00:37,9
25,5,Michael Brown,michael.brown@example.com,56789012345,567-890-1234,password456,56789,2024-05-13 02:00:37,2024-05-13 02:00:37,90,2024-04-30,5,5,5,1,8,20,Crafty Creations,Handmade jewelry and accessories,Fashion,2024-05-13 02:00:37,2024-05-13 02:00:37,1,Handmade Throw Pillow,Cozy handmade throw pillow,"Add comfort and style to your living room with this handcrafted throw pillow, featuring a unique pattern.",20,Home Decor,2024-05-13 02:00:37,2024-05-13 02:00:37,8
26,5,Michael Brown,michael.brown@example.com,56789012345,567-890-1234,password456,56789,2024-05-13 02:00:37,2024-05-13 02:00:37,92,2024-04-01,3,7,7,1,10,30,Crafty Creations,Handmade jewelry and accessories,Fashion,2024-05-13 02:00:37,2024-05-13 02:00:37,1,Vintage Desk Lamp,Vintage desk lamp,"Illuminate your workspace with this vintage-inspired desk lamp, featuring an adjustable arm.",30,Lighting,2024-05-13 02:00:37,2024-05-13 02:00:37,10
27,5,Michael Brown,michael.brown@example.com,56789012345,567-890-1234,password456,56789,2024-05-13 02:00:37,2024-05-13 02:00:37,104,2024-04-05,3,19,19,2,5,150,Rustic Elegance,Custom-made wooden furniture,Home Decor,2024-05-13 02:00:37,2024-05-13 02:00:37,2,Vintage Armchair,Elegant vintage armchair,Add a touch of vintage charm to your home with this beautifully upholstered armchair.,150,Furniture,2024-05-13 02:00:37,2024-05-13 02:00:37,5
28,5,Michael Brown,michael.brown@example.com,56789012345,567-890-1234,password456,56789,2024-05-13 02:00:37,2024-05-13 02:00:37,116,2024-04-09,3,31,31,2,17,35,Rustic Elegance,Custom-made wooden furniture,Home Decor,2024-05-13 02:00:37,2024-05-13 02:00:37,2,Bohemian Wall Tapestry,Bohemian wall tapestry,"Add a bohemian flair to your space with this colorful wall tapestry, featuring intricate patterns and fringe details.",35,Home Decor,2024-05-13 02:00:37,2024-05-13 02:00:37,5
29,5,Michael Brown,michael.brown@example.com,56789012345,567-890-1234,password456,56789,2024-05-13 02:00:37,2024-05-13 02:00:37,128,2024-04-13,3,43,43,3,12,15,Artisanal Wonders,Unique artisanal kitchenware,Kitchen & Dining,2024-05-13 02:00:37,2024-05-13 02:00:37,3,Ceramic Plant Pot,Ceramic plant pot,"Bring nature indoors with this elegant ceramic plant pot, perfect for housing your favorite houseplants.",15,Garden,2024-05-13 02:00:37,2024-05-13 02:00:37,12
30,5,Michael Brown,michael.brown@example.com,56789012345,567-890-1234,password456,56789,2024-05-13 02:00:37,2024-05-13 02:00:37,140,2024-04-17,3,55,55,4,7,80,Eco-Friendly Finds,Sustainable home decor and accessories,Eco-Friendly,2024-05-13 02:00:37,2024-05-13 02:00:37,4,Abstract Canvas Painting,Contemporary abstract canvas painting,"Enhance your walls with this vibrant abstract canvas painting, perfect for modern interiors.",80,Art,2024-05-13 02:00:37,2024-05-13 02:00:37,7
31,5,Michael Brown,michael.brown@example.com,56789012345,567-890-1234,password456,56789,2024-05-13 02:00:37,2024-05-13 02:00:37,152,2024-04-21,3,67,67,4,19,30,Eco-Friendly Finds,Sustainable home decor and accessories,Eco-Friendly,2024-05-13 02:00:37,2024-05-13 02:00:37,4,Scandinavian Throw Blanket,Scandinavian throw blanket,"Stay cozy on chilly nights with this Scandinavian-inspired throw blanket, featuring a classic striped design.",30,Home Decor,2024-05-13 02:00:37,2024-05-13 02:00:37,7
32,5,Michael Brown,michael.brown@example.com,56789012345,567-890-1234,password456,56789,2024-05-13 02:00:37,2024-05-13 02:00:37,164,2024-04-25,3,79,79,5,14,25,Boho Chic,Bohemian-inspired decor and accessories,Decor,2024-05-13 02:00:37,2024-05-13 02:00:37,5,Handmade Soap Set,Luxurious handmade soap set,"Pamper yourself with this luxurious handmade soap set, featuring natural ingredients and soothing scents.",25,Bath & Body,2024-05-13 02:00:37,2024-05-13 02:00:37,14
33,5,Michael Brown,michael.brown@example.com,56789012345,567-890-1234,password456,56789,2024-05-13 02:00:37,2024-05-13 02:00:37,176,2024-04-29,3,31,31,2,17,35,Rustic Elegance,Custom-made wooden furniture,Home Decor,2024-05-13 02:00:37,2024-05-13 02:00:37,2,Bohemian Wall Tapestry,Bohemian wall tapestry,"Add a bohemian flair to your space with this colorful wall tapestry, featuring intricate patterns and fringe details.",35,Home Decor,2024-05-13 02:00:37,2024-05-13 02:00:37,5
34,5,Michael Brown,michael.brown@example.com,56789012345,567-890-1234,password456,56789,2024-05-13 02:00:37,2024-05-13 02:00:37,188,2024-04-03,3,25,25,2,11,60,Rustic Elegance,Custom-made wooden furniture,Home Decor,2024-05-13 02:00:37,2024-05-13 02:00:37,2,Handwoven Area Rug,Handwoven area rug,"Add warmth and texture to your floors with this handwoven area rug, crafted from natural fibers.",60,Home Decor,2024-05-13 02:00:37,2024-05-13 02:00:37,11
35,5,Michael Brown,michael.brown@example.com,56789012345,567-890-1234,password456,56789,2024-05-13 02:00:37,2024-05-13 02:00:37,200,2024-04-07,3,75,75,5,10,30,Boho Chic,Bohemian-inspired decor and accessories,Decor,2024-05-13 02:00:37,2024-05-13 02:00:37,5,Vintage Desk Lamp,Vintage desk lamp,"Illuminate your workspace with this vintage-inspired desk lamp, featuring an adjustable arm.",30,Lighting,2024-05-13 02:00:37,2024-05-13 02:00:37,10
36,6,Sophia Davis,sophia.davis@example.com,67890123456,678-901-2345,password789,67890,2024-05-13 02:00:37,2024-05-13 02:00:37,3,2024-04-01,3,3,3,1,6,25,Crafty Creations,Handmade jewelry and accessories,Fashion,2024-05-13 02:00:37,2024-05-13 02:00:37,1,Artisanal Serving Tray,Unique artisanal serving tray,"Serve your guests in style with this handcrafted serving tray, featuring intricate designs.",25,Kitchen & Dining,2024-05-13 02:00:37,2024-05-13 02:00:37,6
37,6,Sophia Davis,sophia.davis@example.com,67890123456,678-901-2345,password789,67890,2024-05-13 02:00:37,2024-05-13 02:00:37,15,2024-04-05,3,15,15,1,18,55,Crafty Creations,Handmade jewelry and accessories,Fashion,2024-05-13 02:00:37,2024-05-13 02:00:37,1,Handblown Glass Vase,Handblown glass vase,"Elevate your floral arrangements with this handblown glass vase, featuring a unique organic shape.",55,Decor,2024-05-13 02:00:37,2024-05-13 02:00:37,6
38,6,Sophia Davis,sophia.davis@example.com,67890123456,678-901-2345,password789,67890,2024-05-13 02:00:37,2024-05-13 02:00:37,27,2024-04-09,3,27,27,2,13,35,Rustic Elegance,Custom-made wooden furniture,Home Decor,2024-05-13 02:00:37,2024-05-13 02:00:37,2,Minimalist Wall Clock,Minimalist wall clock,"Keep track of time in style with this minimalist wall clock, featuring a sleek design.",35,Home Decor,2024-05-13 02:00:37,2024-05-13 02:00:37,13
39,6,Sophia Davis,sophia.davis@example.com,67890123456,678-901-2345,password789,67890,2024-05-13 02:00:37,2024-05-13 02:00:37,39,2024-04-13,3,39,39,3,8,20,Artisanal Wonders,Unique artisanal kitchenware,Kitchen & Dining,2024-05-13 02:00:37,2024-05-13 02:00:37,3,Handmade Throw Pillow,Cozy handmade throw pillow,"Add comfort and style to your living room with this handcrafted throw pillow, featuring a unique pattern.",20,Home Decor,2024-05-13 02:00:37,2024-05-13 02:00:37,8
40,6,Sophia Davis,sophia.davis@example.com,67890123456,678-901-2345,password789,67890,2024-05-13 02:00:37,2024-05-13 02:00:37,51,2024-04-17,3,51,51,3,20,70,Artisanal Wonders,Unique artisanal kitchenware,Kitchen & Dining,2024-05-13 02:00:37,2024-05-13 02:00:37,3,Modern Wall Mirror,Modern wall mirror,"Add depth and style to your space with this modern wall mirror, featuring a sleek frameless design.",70,Home Decor,2024-05-13 02:00:37,2024-05-13 02:00:37,8
41,6,Sophia Davis,sophia.davis@example.com,67890123456,678-901-2345,password789,67890,2024-05-13 02:00:37,2024-05-13 02:00:37,63,2024-04-21,3,63,63,4,15,50,Eco-Friendly Finds,Sustainable home decor and accessories,Eco-Friendly,2024-05-13 02:00:37,2024-05-13 02:00:37,4,Industrial Bar Stool,Industrial bar stool,"Add an industrial touch to your kitchen or bar area with this sturdy metal bar stool, featuring a vintage-inspired design.",50,Furniture,2024-05-13 02:00:37,2024-05-13 02:00:37,15
42,6,Sophia Davis,sophia.davis@example.com,67890123456,678-901-2345,password789,67890,2024-05-13 02:00:37,2024-05-13 02:00:37,75,2024-04-25,3,75,75,5,10,30,Boho Chic,Bohemian-inspired decor and accessories,Decor,2024-05-13 02:00:37,2024-05-13 02:00:37,5,Vintage Desk Lamp,Vintage desk lamp,"Illuminate your workspace with this vintage-inspired desk lamp, featuring an adjustable arm.",30,Lighting,2024-05-13 02:00:37,2024-05-13 02:00:37,10
43,6,Sophia Davis,sophia.davis@example.com,67890123456,678-901-2345,password789,67890,2024-05-13 02:00:37,2024-05-13 02:00:37,88,2024-04-30,3,3,3,1,6,25,Crafty Creations,Handmade jewelry and accessories,Fashion,2024-05-13 02:00:37,2024-05-13 02:00:37,1,Artisanal Serving Tray,Unique artisanal serving tray,"Serve your guests in style with this handcrafted serving tray, featuring intricate designs.",25,Kitchen & Dining,2024-05-13 02:00:37,2024-05-13 02:00:37,6
44,6,Sophia Davis,sophia.davis@example.com,67890123456,678-901-2345,password789,67890,2024-05-13 02:00:37,2024-05-13 02:00:37,93,2024-04-01,1,8,8,1,11,60,Crafty Creations,Handmade jewelry and accessories,Fashion,2024-05-13 02:00:37,2024-05-13 02:00:37,1,Handwoven Area Rug,Handwoven area rug,"Add warmth and texture to your floors with this handwoven area rug, crafted from natural fibers.",60,Home Decor,2024-05-13 02:00:37,2024-05-13 02:00:37,11
45,6,Sophia Davis,sophia.davis@example.com,67890123456,678-901-2345,password789,67890,2024-05-13 02:00:37,2024-05-13 02:00:37,105,2024-04-05,1,20,20,2,6,25,Rustic Elegance,Custom-made wooden furniture,Home Decor,2024-05-13 02:00:37,2024-05-13 02:00:37,2,Artisanal Serving Tray,Unique artisanal serving tray,"Serve your guests in style with this handcrafted serving tray, featuring intricate designs.",25,Kitchen & Dining,2024-05-13 02:00:37,2024-05-13 02:00:37,6
46,6,Sophia Davis,sophia.davis@example.com,67890123456,678-901-2345,password789,67890,2024-05-13 02:00:37,2024-05-13 02:00:37,117,2024-04-09,1,32,32,2,18,55,Rustic Elegance,Custom-made wooden furniture,Home Decor,2024-05-13 02:00:37,2024-05-13 02:00:37,2,Handblown Glass Vase,Handblown glass vase,"Elevate your floral arrangements with this handblown glass vase, featuring a unique organic shape.",55,Decor,2024-05-13 02:00:37,2024-05-13 02:00:37,6
47,6,Sophia Davis,sophia.davis@example.com,67890123456,678-901-2345,password789,67890,2024-05-13 02:00:37,2024-05-13 02:00:37,129,2024-04-13,1,44,44,3,13,35,Artisanal Wonders,Unique artisanal kitchenware,Kitchen & Dining,2024-05-13 02:00:37,2024-05-13 02:00:37,3,Minimalist Wall Clock,Minimalist wall clock,"Keep track of time in style with this minimalist wall clock, featuring a sleek design.",35,Home Decor,2024-05-13 02:00:37,2024-05-13 02:00:37,13
48,6,Sophia Davis,sophia.davis@example.com,67890123456,678-901-2345,password789,67890,2024-05-13 02:00:37,2024-05-13 02:00:37,141,2024-04-17,1,56,56,4,8,20,Eco-Friendly Finds,Sustainable home decor and accessories,Eco-Friendly,2024-05-13 02:00:37,2024-05-13 02:00:37,4,Handmade Throw Pillow,Cozy handmade throw pillow,"Add comfort and style to your living room with this handcrafted throw pillow, featuring a unique pattern.",20,Home Decor,2024-05-13 02:00:37,2024-05-13 02:00:37,8
49,6,Sophia Davis,sophia.davis@example.com,67890123456,678-901-2345,password789,67890,2024-05-13 02:00:37,2024-05-13 02:00:37,153,2024-04-21,1,68,68,4,20,70,Eco-Friendly Finds,Sustainable home decor and accessories,Eco-Friendly,2024-05-13 02:00:37,2024-05-13 02:00:37,4,Modern Wall Mirror,Modern wall mirror,"Add depth and style to your space with this modern wall mirror, featuring a sleek frameless design.",70,Home Decor,2024-05-13 02:00:37,2024-05-13 02:00:37,8
50,6,Sophia Davis,sophia.davis@example.com,67890123456,678-901-2345,password789,67890,2024-05-13 02:00:37,2024-05-13 02:00:37,165,2024-04-25,1,80,80,5,15,50,Boho Chic,Bohemian-inspired decor and accessories,Decor,2024-05-13 02:00:37,2024-05-13 02:00:37,5,Industrial Bar Stool,Industrial bar stool,"Add an industrial touch to your kitchen or bar area with this sturdy metal bar stool, featuring a vintage-inspired design.",50,Furniture,2024-05-13 02:00:37,2024-05-13 02:00:37,15
51,6,Sophia Davis,sophia.davis@example.com,67890123456,678-901-2345,password789,67890,2024-05-13 02:00:37,2024-05-13 02:00:37,177,2024-04-29,1,56,56,4,8,20,Eco-Friendly Finds,Sustainable home decor and accessories,Eco-Friendly,2024-05-13 02:00:37,2024-05-13 02:00:37,4,Handmade Throw Pillow,Cozy handmade throw pillow,"Add comfort and style to your living room with this handcrafted throw pillow, featuring a unique pattern.",20,Home Decor,2024-05-13 02:00:37,2024-05-13 02:00:37,8
52,6,Sophia Davis,sophia.davis@example.com,67890123456,678-901-2345,password789,67890,2024-05-13 02:00:37,2024-05-13 02:00:37,189,2024-04-03,1,70,70,5,5,150,Boho Chic,Bohemian-inspired decor and accessories,Decor,2024-05-13 02:00:37,2024-05-13 02:00:37,5,Vintage Armchair,Elegant vintage armchair,Add a touch of vintage charm to your home with this beautifully upholstered armchair.,150,Furniture,2024-05-13 02:00:37,2024-05-13 02:00:37,5
53,7,Matthew Wilson,matthew.wilson@example.com,78901234567,789-012-3456,passwordabc,78901,2024-05-13 02:00:37,2024-05-13 02:00:37,4,2024-04-02,1,4,4,1,7,80,Crafty Creations,Handmade jewelry and accessories,Fashion,2024-05-13 02:00:37,2024-05-13 02:00:37,1,Abstract Canvas Painting,Contemporary abstract canvas painting,"Enhance your walls with this vibrant abstract canvas painting, perfect for modern interiors.",80,Art,2024-05-13 02:00:37,2024-05-13 02:00:37,7
54,7,Matthew Wilson,matthew.wilson@example.com,78901234567,789-012-3456,passwordabc,78901,2024-05-13 02:00:37,2024-05-13 02:00:37,16,2024-04-06,1,16,16,1,19,30,Crafty Creations,Handmade jewelry and accessories,Fashion,2024-05-13 02:00:37,2024-05-13 02:00:37,1,Scandinavian Throw Blanket,Scandinavian throw blanket,"Stay cozy on chilly nights with this Scandinavian-inspired throw blanket, featuring a classic striped design.",30,Home Decor,2024-05-13 02:00:37,2024-05-13 02:00:37,7
55,7,Matthew Wilson,matthew.wilson@example.com,78901234567,789-012-3456,passwordabc,78901,2024-05-13 02:00:37,2024-05-13 02:00:37,28,2024-04-10,1,28,28,2,14,25,Rustic Elegance,Custom-made wooden furniture,Home Decor,2024-05-13 02:00:37,2024-05-13 02:00:37,2,Handmade Soap Set,Luxurious handmade soap set,"Pamper yourself with this luxurious handmade soap set, featuring natural ingredients and soothing scents.",25,Bath & Body,2024-05-13 02:00:37,2024-05-13 02:00:37,14
56,7,Matthew Wilson,matthew.wilson@example.com,78901234567,789-012-3456,passwordabc,78901,2024-05-13 02:00:37,2024-05-13 02:00:37,40,2024-04-14,1,40,40,3,9,45,Artisanal Wonders,Unique artisanal kitchenware,Kitchen & Dining,2024-05-13 02:00:37,2024-05-13 02:00:37,3,Rustic Wooden Shelf,Rustic wooden shelf,"Display your favorite decor items with this rustic wooden shelf, crafted from reclaimed wood.",45,Decor,2024-05-13 02:00:37,2024-05-13 02:00:37,9
57,7,Matthew Wilson,matthew.wilson@example.com,78901234567,789-012-3456,passwordabc,78901,2024-05-13 02:00:37,2024-05-13 02:00:37,52,2024-04-18,1,52,52,4,4,40,Eco-Friendly Finds,Sustainable home decor and accessories,Eco-Friendly,2024-05-13 02:00:37,2024-05-13 02:00:37,4,Handcrafted Vase,Beautiful handcrafted vase,"This exquisite vase is handcrafted by skilled artisans, adding elegance to any space.",40,Decor,2024-05-13 02:00:37,2024-05-13 02:00:37,4
58,7,Matthew Wilson,matthew.wilson@example.com,78901234567,789-012-3456,passwordabc,78901,2024-05-13 02:00:37,2024-05-13 02:00:37,64,2024-04-22,1,64,64,4,16,40,Eco-Friendly Finds,Sustainable home decor and accessories,Eco-Friendly,2024-05-13 02:00:37,2024-05-13 02:00:37,4,Artisanal Cheese Board,Artisanal cheese board,"Entertain in style with this artisanal cheese board, crafted from high-quality wood and featuring a built-in knife holder.",40,Kitchen & Dining,2024-05-13 02:00:37,2024-05-13 02:00:37,4
59,7,Matthew Wilson,matthew.wilson@example.com,78901234567,789-012-3456,passwordabc,78901,2024-05-13 02:00:37,2024-05-13 02:00:37,76,2024-04-26,1,76,76,5,11,60,Boho Chic,Bohemian-inspired decor and accessories,Decor,2024-05-13 02:00:37,2024-05-13 02:00:37,5,Handwoven Area Rug,Handwoven area rug,"Add warmth and texture to your floors with this handwoven area rug, crafted from natural fibers.",60,Home Decor,2024-05-13 02:00:37,2024-05-13 02:00:37,11
60,7,Matthew Wilson,matthew.wilson@example.com,78901234567,789-012-3456,passwordabc,78901,2024-05-13 02:00:37,2024-05-13 02:00:37,94,2024-04-02,2,9,9,1,12,15,Crafty Creations,Handmade jewelry and accessories,Fashion,2024-05-13 02:00:37,2024-05-13 02:00:37,1,Ceramic Plant Pot,Ceramic plant pot,"Bring nature indoors with this elegant ceramic plant pot, perfect for housing your favorite houseplants.",15,Garden,2024-05-13 02:00:37,2024-05-13 02:00:37,12
61,7,Matthew Wilson,matthew.wilson@example.com,78901234567,789-012-3456,passwordabc,78901,2024-05-13 02:00:37,2024-05-13 02:00:37,106,2024-04-06,2,21,21,2,7,80,Rustic Elegance,Custom-made wooden furniture,Home Decor,2024-05-13 02:00:37,2024-05-13 02:00:37,2,Abstract Canvas Painting,Contemporary abstract canvas painting,"Enhance your walls with this vibrant abstract canvas painting, perfect for modern interiors.",80,Art,2024-05-13 02:00:37,2024-05-13 02:00:37,7
62,7,Matthew Wilson,matthew.wilson@example.com,78901234567,789-012-3456,passwordabc,78901,2024-05-13 02:00:37,2024-05-13 02:00:37,118,2024-04-10,2,33,33,2,19,30,Rustic Elegance,Custom-made wooden furniture,Home Decor,2024-05-13 02:00:37,2024-05-13 02:00:37,2,Scandinavian Throw Blanket,Scandinavian throw blanket,"Stay cozy on chilly nights with this Scandinavian-inspired throw blanket, featuring a classic striped design.",30,Home Decor,2024-05-13 02:00:37,2024-05-13 02:00:37,7
63,7,Matthew Wilson,matthew.wilson@example.com,78901234567,789-012-3456,passwordabc,78901,2024-05-13 02:00:37,2024-05-13 02:00:37,130,2024-04-14,2,45,45,3,14,25,Artisanal Wonders,Unique artisanal kitchenware,Kitchen & Dining,2024-05-13 02:00:37,2024-05-13 02:00:37,3,Handmade Soap Set,Luxurious handmade soap set,"Pamper yourself with this luxurious handmade soap set, featuring natural ingredients and soothing scents.",25,Bath & Body,2024-05-13 02:00:37,2024-05-13 02:00:37,14
64,7,Matthew Wilson,matthew.wilson@example.com,78901234567,789-012-3456,passwordabc,78901,2024-05-13 02:00:37,2024-05-13 02:00:37,142,2024-04-18,2,57,57,4,9,45,Eco-Friendly Finds,Sustainable home decor and accessories,Eco-Friendly,2024-05-13 02:00:37,2024-05-13 02:00:37,4,Rustic Wooden Shelf,Rustic wooden shelf,"Display your favorite decor items with this rustic wooden shelf, crafted from reclaimed wood.",45,Decor,2024-05-13 02:00:37,2024-05-13 02:00:37,9
65,7,Matthew Wilson,matthew.wilson@example.com,78901234567,789-012-3456,passwordabc,78901,2024-05-13 02:00:37,2024-05-13 02:00:37,154,2024-04-22,2,69,69,5,4,40,Boho Chic,Bohemian-inspired decor and accessories,Decor,2024-05-13 02:00:37,2024-05-13 02:00:37,5,Handcrafted Vase,Beautiful handcrafted vase,"This exquisite vase is handcrafted by skilled artisans, adding elegance to any space.",40,Decor,2024-05-13 02:00:37,2024-05-13 02:00:37,4
66,7,Matthew Wilson,matthew.wilson@example.com,78901234567,789-012-3456,passwordabc,78901,2024-05-13 02:00:37,2024-05-13 02:00:37,166,2024-04-26,2,81,81,5,16,40,Boho Chic,Bohemian-inspired decor and accessories,Decor,2024-05-13 02:00:37,2024-05-13 02:00:37,5,Artisanal Cheese Board,Artisanal cheese board,"Entertain in style with this artisanal cheese board, crafted from high-quality wood and featuring a built-in knife holder.",40,Kitchen & Dining,2024-05-13 02:00:37,2024-05-13 02:00:37,4
67,7,Matthew Wilson,matthew.wilson@example.com,78901234567,789-012-3456,passwordabc,78901,2024-05-13 02:00:37,2024-05-13 02:00:37,178,2024-04-30,2,16,16,1,19,30,Crafty Creations,Handmade jewelry and accessories,Fashion,2024-05-13 02:00:37,2024-05-13 02:00:37,1,Scandinavian Throw Blanket,Scandinavian throw blanket,"Stay cozy on chilly nights with this Scandinavian-inspired throw blanket, featuring a classic striped design.",30,Home Decor,2024-05-13 02:00:37,2024-05-13 02:00:37,7
68,7,Matthew Wilson,matthew.wilson@example.com,78901234567,789-012-3456,passwordabc,78901,2024-05-13 02:00:37,2024-05-13 02:00:37,190,2024-04-04,2,80,80,5,15,50,Boho Chic,Bohemian-inspired decor and accessories,Decor,2024-05-13 02:00:37,2024-05-13 02:00:37,5,Industrial Bar Stool,Industrial bar stool,"Add an industrial touch to your kitchen or bar area with this sturdy metal bar stool, featuring a vintage-inspired design.",50,Furniture,2024-05-13 02:00:37,2024-05-13 02:00:37,15
69,8,Olivia Taylor,olivia.taylor@example.com,89012345678,890-123-4567,passworddef,89012,2024-05-13 02:00:37,2024-05-13 02:00:37,5,2024-04-02,2,5,5,1,8,20,Crafty Creations,Handmade jewelry and accessories,Fashion,2024-05-13 02:00:37,2024-05-13 02:00:37,1,Handmade Throw Pillow,Cozy handmade throw pillow,"Add comfort and style to your living room with this handcrafted throw pillow, featuring a unique pattern.",20,Home Decor,2024-05-13 02:00:37,2024-05-13 02:00:37,8
70,8,Olivia Taylor,olivia.taylor@example.com,89012345678,890-123-4567,passworddef,89012,2024-05-13 02:00:37,2024-05-13 02:00:37,17,2024-04-06,2,17,17,1,20,70,Crafty Creations,Handmade jewelry and accessories,Fashion,2024-05-13 02:00:37,2024-05-13 02:00:37,1,Modern Wall Mirror,Modern wall mirror,"Add depth and style to your space with this modern wall mirror, featuring a sleek frameless design.",70,Home Decor,2024-05-13 02:00:37,2024-05-13 02:00:37,8
71,8,Olivia Taylor,olivia.taylor@example.com,89012345678,890-123-4567,passworddef,89012,2024-05-13 02:00:37,2024-05-13 02:00:37,29,2024-04-10,2,29,29,2,15,50,Rustic Elegance,Custom-made wooden furniture,Home Decor,2024-05-13 02:00:37,2024-05-13 02:00:37,2,Industrial Bar Stool,Industrial bar stool,"Add an industrial touch to your kitchen or bar area with this sturdy metal bar stool, featuring a vintage-inspired design.",50,Furniture,2024-05-13 02:00:37,2024-05-13 02:00:37,15
72,8,Olivia Taylor,olivia.taylor@example.com,89012345678,890-123-4567,passworddef,89012,2024-05-13 02:00:37,2024-05-13 02:00:37,41,2024-04-14,2,41,41,3,10,30,Artisanal Wonders,Unique artisanal kitchenware,Kitchen & Dining,2024-05-13 02:00:37,2024-05-13 02:00:37,3,Vintage Desk Lamp,Vintage desk lamp,"Illuminate your workspace with this vintage-inspired desk lamp, featuring an adjustable arm.",30,Lighting,2024-05-13 02:00:37,2024-05-13 02:00:37,10
73,8,Olivia Taylor,olivia.taylor@example.com,89012345678,890-123-4567,passworddef,89012,2024-05-13 02:00:37,2024-05-13 02:00:37,53,2024-04-18,2,53,53,4,5,150,Eco-Friendly Finds,Sustainable home decor and accessories,Eco-Friendly,2024-05-13 02:00:37,2024-05-13 02:00:37,4,Vintage Armchair,Elegant vintage armchair,Add a touch of vintage charm to your home with this beautifully upholstered armchair.,150,Furniture,2024-05-13 02:00:37,2024-05-13 02:00:37,5
74,8,Olivia Taylor,olivia.taylor@example.com,89012345678,890-123-4567,passworddef,89012,2024-05-13 02:00:37,2024-05-13 02:00:37,65,2024-04-22,2,65,65,4,17,35,Eco-Friendly Finds,Sustainable home decor and accessories,Eco-Friendly,2024-05-13 02:00:37,2024-05-13 02:00:37,4,Bohemian Wall Tapestry,Bohemian wall tapestry,"Add a bohemian flair to your space with this colorful wall tapestry, featuring intricate patterns and fringe details.",35,Home Decor,2024-05-13 02:00:37,2024-05-13 02:00:37,5
75,8,Olivia Taylor,olivia.taylor@example.com,89012345678,890-123-4567,passworddef,89012,2024-05-13 02:00:37,2024-05-13 02:00:37,77,2024-04-26,2,77,77,5,12,15,Boho Chic,Bohemian-inspired decor and accessories,Decor,2024-05-13 02:00:37,2024-05-13 02:00:37,5,Ceramic Plant Pot,Ceramic plant pot,"Bring nature indoors with this elegant ceramic plant pot, perfect for housing your favorite houseplants.",15,Garden,2024-05-13 02:00:37,2024-05-13 02:00:37,12
76,8,Olivia Taylor,olivia.taylor@example.com,89012345678,890-123-4567,passworddef,89012,2024-05-13 02:00:37,2024-05-13 02:00:37,86,2024-04-29,1,1,1,1,4,40,Crafty Creations,Handmade jewelry and accessories,Fashion,2024-05-13 02:00:37,2024-05-13 02:00:37,1,Handcrafted Vase,Beautiful handcrafted vase,"This exquisite vase is handcrafted by skilled artisans, adding elegance to any space.",40,Decor,2024-05-13 02:00:37,2024-05-13 02:00:37,4
77,8,Olivia Taylor,olivia.taylor@example.com,89012345678,890-123-4567,passworddef,89012,2024-05-13 02:00:37,2024-05-13 02:00:37,95,2024-04-02,3,10,10,1,13,35,Crafty Creations,Handmade jewelry and accessories,Fashion,2024-05-13 02:00:37,2024-05-13 02:00:37,1,Minimalist Wall Clock,Minimalist wall clock,"Keep track of time in style with this minimalist wall clock, featuring a sleek design.",35,Home Decor,2024-05-13 02:00:37,2024-05-13 02:00:37,13
78,8,Olivia Taylor,olivia.taylor@example.com,89012345678,890-123-4567,passworddef,89012,2024-05-13 02:00:37,2024-05-13 02:00:37,107,2024-04-06,3,22,22,2,8,20,Rustic Elegance,Custom-made wooden furniture,Home Decor,2024-05-13 02:00:37,2024-05-13 02:00:37,2,Handmade Throw Pillow,Cozy handmade throw pillow,"Add comfort and style to your living room with this handcrafted throw pillow, featuring a unique pattern.",20,Home Decor,2024-05-13 02:00:37,2024-05-13 02:00:37,8
79,8,Olivia Taylor,olivia.taylor@example.com,89012345678,890-123-4567,passworddef,89012,2024-05-13 02:00:37,2024-05-13 02:00:37,119,2024-04-10,3,34,34,2,20,70,Rustic Elegance,Custom-made wooden furniture,Home Decor,2024-05-13 02:00:37,2024-05-13 02:00:37,2,Modern Wall Mirror,Modern wall mirror,"Add depth and style to your space with this modern wall mirror, featuring a sleek frameless design.",70,Home Decor,2024-05-13 02:00:37,2024-05-13 02:00:37,8
80,8,Olivia Taylor,olivia.taylor@example.com,89012345678,890-123-4567,passworddef,89012,2024-05-13 02:00:37,2024-05-13 02:00:37,131,2024-04-14,3,46,46,3,15,50,Artisanal Wonders,Unique artisanal kitchenware,Kitchen & Dining,2024-05-13 02:00:37,2024-05-13 02:00:37,3,Industrial Bar Stool,Industrial bar stool,"Add an industrial touch to your kitchen or bar area with this sturdy metal bar stool, featuring a vintage-inspired design.",50,Furniture,2024-05-13 02:00:37,2024-05-13 02:00:37,15
81,8,Olivia Taylor,olivia.taylor@example.com,89012345678,890-123-4567,passworddef,89012,2024-05-13 02:00:37,2024-05-13 02:00:37,143,2024-04-18,3,58,58,4,10,30,Eco-Friendly Finds,Sustainable home decor and accessories,Eco-Friendly,2024-05-13 02:00:37,2024-05-13 02:00:37,4,Vintage Desk Lamp,Vintage desk lamp,"Illuminate your workspace with this vintage-inspired desk lamp, featuring an adjustable arm.",30,Lighting,2024-05-13 02:00:37,2024-05-13 02:00:37,10
82,8,Olivia Taylor,olivia.taylor@example.com,89012345678,890-123-4567,passworddef,89012,2024-05-13 02:00:37,2024-05-13 02:00:37,155,2024-04-22,3,70,70,5,5,150,Boho Chic,Bohemian-inspired decor and accessories,Decor,2024-05-13 02:00:37,2024-05-13 02:00:37,5,Vintage Armchair,Elegant vintage armchair,Add a touch of vintage charm to your home with this beautifully upholstered armchair.,150,Furniture,2024-05-13 02:00:37,2024-05-13 02:00:37,5
83,8,Olivia Taylor,olivia.taylor@example.com,89012345678,890-123-4567,passworddef,89012,2024-05-13 02:00:37,2024-05-13 02:00:37,167,2024-04-26,3,82,82,5,17,35,Boho Chic,Bohemian-inspired decor and accessories,Decor,2024-05-13 02:00:37,2024-05-13 02:00:37,5,Bohemian Wall Tapestry,Bohemian wall tapestry,"Add a bohemian flair to your space with this colorful wall tapestry, featuring intricate patterns and fringe details.",35,Home Decor,2024-05-13 02:00:37,2024-05-13 02:00:37,5
84,8,Olivia Taylor,olivia.taylor@example.com,89012345678,890-123-4567,passworddef,89012,2024-05-13 02:00:37,2024-05-13 02:00:37,179,2024-04-30,3,76,76,5,11,60,Boho Chic,Bohemian-inspired decor and accessories,Decor,2024-05-13 02:00:37,2024-05-13 02:00:37,5,Handwoven Area Rug,Handwoven area rug,"Add warmth and texture to your floors with this handwoven area rug, crafted from natural fibers.",60,Home Decor,2024-05-13 02:00:37,2024-05-13 02:00:37,11
85,8,Olivia Taylor,olivia.taylor@example.com,89012345678,890-123-4567,passworddef,89012,2024-05-13 02:00:37,2024-05-13 02:00:37,191,2024-04-04,3,82,82,5,17,35,Boho Chic,Bohemian-inspired decor and accessories,Decor,2024-05-13 02:00:37,2024-05-13 02:00:37,5,Bohemian Wall Tapestry,Bohemian wall tapestry,"Add a bohemian flair to your space with this colorful wall tapestry, featuring intricate patterns and fringe details.",35,Home Decor,2024-05-13 02:00:37,2024-05-13 02:00:37,5
86,9,Daniel Martinez,daniel.martinez@example.com,90123456789,901-234-5678,passwordghi,90123,2024-05-13 02:00:37,2024-05-13 02:00:37,6,2024-04-02,3,6,6,1,9,45,Crafty Creations,Handmade jewelry and accessories,Fashion,2024-05-13 02:00:37,2024-05-13 02:00:37,1,Rustic Wooden Shelf,Rustic wooden shelf,"Display your favorite decor items with this rustic wooden shelf, crafted from reclaimed wood.",45,Decor,2024-05-13 02:00:37,2024-05-13 02:00:37,9
87,9,Daniel Martinez,daniel.martinez@example.com,90123456789,901-234-5678,passwordghi,90123,2024-05-13 02:00:37,2024-05-13 02:00:37,18,2024-04-06,3,18,18,2,4,40,Rustic Elegance,Custom-made wooden furniture,Home Decor,2024-05-13 02:00:37,2024-05-13 02:00:37,2,Handcrafted Vase,Beautiful handcrafted vase,"This exquisite vase is handcrafted by skilled artisans, adding elegance to any space.",40,Decor,2024-05-13 02:00:37,2024-05-13 02:00:37,4
88,9,Daniel Martinez,daniel.martinez@example.com,90123456789,901-234-5678,passwordghi,90123,2024-05-13 02:00:37,2024-05-13 02:00:37,30,2024-04-10,3,30,30,2,16,40,Rustic Elegance,Custom-made wooden furniture,Home Decor,2024-05-13 02:00:37,2024-05-13 02:00:37,2,Artisanal Cheese Board,Artisanal cheese board,"Entertain in style with this artisanal cheese board, crafted from high-quality wood and featuring a built-in knife holder.",40,Kitchen & Dining,2024-05-13 02:00:37,2024-05-13 02:00:37,4
89,9,Daniel Martinez,daniel.martinez@example.com,90123456789,901-234-5678,passwordghi,90123,2024-05-13 02:00:37,2024-05-13 02:00:37,42,2024-04-14,3,42,42,3,11,60,Artisanal Wonders,Unique artisanal kitchenware,Kitchen & Dining,2024-05-13 02:00:37,2024-05-13 02:00:37,3,Handwoven Area Rug,Handwoven area rug,"Add warmth and texture to your floors with this handwoven area rug, crafted from natural fibers.",60,Home Decor,2024-05-13 02:00:37,2024-05-13 02:00:37,11
90,9,Daniel Martinez,daniel.martinez@example.com,90123456789,901-234-5678,passwordghi,90123,2024-05-13 02:00:37,2024-05-13 02:00:37,54,2024-04-18,3,54,54,4,6,25,Eco-Friendly Finds,Sustainable home decor and accessories,Eco-Friendly,2024-05-13 02:00:37,2024-05-13 02:00:37,4,Artisanal Serving Tray,Unique artisanal serving tray,"Serve your guests in style with this handcrafted serving tray, featuring intricate designs.",25,Kitchen & Dining,2024-05-13 02:00:37,2024-05-13 02:00:37,6
91,9,Daniel Martinez,daniel.martinez@example.com,90123456789,901-234-5678,passwordghi,90123,2024-05-13 02:00:37,2024-05-13 02:00:37,66,2024-04-22,3,66,66,4,18,55,Eco-Friendly Finds,Sustainable home decor and accessories,Eco-Friendly,2024-05-13 02:00:37,2024-05-13 02:00:37,4,Handblown Glass Vase,Handblown glass vase,"Elevate your floral arrangements with this handblown glass vase, featuring a unique organic shape.",55,Decor,2024-05-13 02:00:37,2024-05-13 02:00:37,6
92,9,Daniel Martinez,daniel.martinez@example.com,90123456789,901-234-5678,passwordghi,90123,2024-05-13 02:00:37,2024-05-13 02:00:37,78,2024-04-26,3,78,78,5,13,35,Boho Chic,Bohemian-inspired decor and accessories,Decor,2024-05-13 02:00:37,2024-05-13 02:00:37,5,Minimalist Wall Clock,Minimalist wall clock,"Keep track of time in style with this minimalist wall clock, featuring a sleek design.",35,Home Decor,2024-05-13 02:00:37,2024-05-13 02:00:37,13
93,9,Daniel Martinez,daniel.martinez@example.com,90123456789,901-234-5678,passwordghi,90123,2024-05-13 02:00:37,2024-05-13 02:00:37,89,2024-04-30,4,4,4,1,7,80,Crafty Creations,Handmade jewelry and accessories,Fashion,2024-05-13 02:00:37,2024-05-13 02:00:37,1,Abstract Canvas Painting,Contemporary abstract canvas painting,"Enhance your walls with this vibrant abstract canvas painting, perfect for modern interiors.",80,Art,2024-05-13 02:00:37,2024-05-13 02:00:37,7
94,9,Daniel Martinez,daniel.martinez@example.com,90123456789,901-234-5678,passwordghi,90123,2024-05-13 02:00:37,2024-05-13 02:00:37,96,2024-04-02,1,11,11,1,14,25,Crafty Creations,Handmade jewelry and accessories,Fashion,2024-05-13 02:00:37,2024-05-13 02:00:37,1,Handmade Soap Set,Luxurious handmade soap set,"Pamper yourself with this luxurious handmade soap set, featuring natural ingredients and soothing scents.",25,Bath & Body,2024-05-13 02:00:37,2024-05-13 02:00:37,14
95,9,Daniel Martinez,daniel.martinez@example.com,90123456789,901-234-5678,passwordghi,90123,2024-05-13 02:00:37,2024-05-13 02:00:37,108,2024-04-06,1,23,23,2,9,45,Rustic Elegance,Custom-made wooden furniture,Home Decor,2024-05-13 02:00:37,2024-05-13 02:00:37,2,Rustic Wooden Shelf,Rustic wooden shelf,"Display your favorite decor items with this rustic wooden shelf, crafted from reclaimed wood.",45,Decor,2024-05-13 02:00:37,2024-05-13 02:00:37,9
96,9,Daniel Martinez,daniel.martinez@example.com,90123456789,901-234-5678,passwordghi,90123,2024-05-13 02:00:37,2024-05-13 02:00:37,120,2024-04-10,1,35,35,3,4,40,Artisanal Wonders,Unique artisanal kitchenware,Kitchen & Dining,2024-05-13 02:00:37,2024-05-13 02:00:37,3,Handcrafted Vase,Beautiful handcrafted vase,"This exquisite vase is handcrafted by skilled artisans, adding elegance to any space.",40,Decor,2024-05-13 02:00:37,2024-05-13 02:00:37,4
97,9,Daniel Martinez,daniel.martinez@example.com,90123456789,901-234-5678,passwordghi,90123,2024-05-13 02:00:37,2024-05-13 02:00:37,132,2024-04-14,1,47,47,3,16,40,Artisanal Wonders,Unique artisanal kitchenware,Kitchen & Dining,2024-05-13 02:00:37,2024-05-13 02:00:37,3,Artisanal Cheese Board,Artisanal cheese board,"Entertain in style with this artisanal cheese board, crafted from high-quality wood and featuring a built-in knife holder.",40,Kitchen & Dining,2024-05-13 02:00:37,2024-05-13 02:00:37,4
98,9,Daniel Martinez,daniel.martinez@example.com,90123456789,901-234-5678,passwordghi,90123,2024-05-13 02:00:37,2024-05-13 02:00:37,144,2024-04-18,1,59,59,4,11,60,Eco-Friendly Finds,Sustainable home decor and accessories,Eco-Friendly,2024-05-13 02:00:37,2024-05-13 02:00:37,4,Handwoven Area Rug,Handwoven area rug,"Add warmth and texture to your floors with this handwoven area rug, crafted from natural fibers.",60,Home Decor,2024-05-13 02:00:37,2024-05-13 02:00:37,11
99,9,Daniel Martinez,daniel.martinez@example.com,90123456789,901-234-5678,passwordghi,90123,2024-05-13 02:00:37,2024-05-13 02:00:37,156,2024-04-22,1,71,71,5,6,25,Boho Chic,Bohemian-inspired decor and accessories,Decor,2024-05-13 02:00:37,2024-05-13 02:00:37,5,Artisanal Serving Tray,Unique artisanal serving tray,"Serve your guests in style with this handcrafted serving tray, featuring intricate designs.",25,Kitchen & Dining,2024-05-13 02:00:37,2024-05-13 02:00:37,6
100,9,Daniel Martinez,daniel.martinez@example.com,90123456789,901-234-5678,passwordghi,90123,2024-05-13 02:00:37,2024-05-13 02:00:37,168,2024-04-26,1,83,83,5,18,55,Boho Chic,Bohemian-inspired decor and accessories,Decor,2024-05-13 02:00:37,2024-05-13 02:00:37,5,Handblown Glass Vase,Handblown glass vase,"Elevate your floral arrangements with this handblown glass vase, featuring a unique organic shape.",55,Decor,2024-05-13 02:00:37,2024-05-13 02:00:37,6
101,9,Daniel Martinez,daniel.martinez@example.com,90123456789,901-234-5678,passwordghi,90123,2024-05-13 02:00:37,2024-05-13 02:00:37,180,2024-04-30,1,32,32,2,18,55,Rustic Elegance,Custom-made wooden furniture,Home Decor,2024-05-13 02:00:37,2024-05-13 02:00:37,2,Handblown Glass Vase,Handblown glass vase,"Elevate your floral arrangements with this handblown glass vase, featuring a unique organic shape.",55,Decor,2024-05-13 02:00:37,2024-05-13 02:00:37,6
102,9,Daniel Martinez,daniel.martinez@example.com,90123456789,901-234-5678,passwordghi,90123,2024-05-13 02:00:37,2024-05-13 02:00:37,192,2024-04-04,1,84,84,5,19,30,Boho Chic,Bohemian-inspired decor and accessories,Decor,2024-05-13 02:00:37,2024-05-13 02:00:37,5,Scandinavian Throw Blanket,Scandinavian throw blanket,"Stay cozy on chilly nights with this Scandinavian-inspired throw blanket, featuring a classic striped design.",30,Home Decor,2024-05-13 02:00:37,2024-05-13 02:00:37,7
103,10,Ava Anderson,ava.anderson@example.com,01234567890,012-345-6789,passwordjkl,01234,2024-05-13 02:00:37,2024-05-13 02:00:37,7,2024-04-03,1,7,7,1,10,30,Crafty Creations,Handmade jewelry and accessories,Fashion,2024-05-13 02:00:37,2024-05-13 02:00:37,1,Vintage Desk Lamp,Vintage desk lamp,"Illuminate your workspace with this vintage-inspired desk lamp, featuring an adjustable arm.",30,Lighting,2024-05-13 02:00:37,2024-05-13 02:00:37,10
104,10,Ava Anderson,ava.anderson@example.com,01234567890,012-345-6789,passwordjkl,01234,2024-05-13 02:00:37,2024-05-13 02:00:37,19,2024-04-07,1,19,19,2,5,150,Rustic Elegance,Custom-made wooden furniture,Home Decor,2024-05-13 02:00:37,2024-05-13 02:00:37,2,Vintage Armchair,Elegant vintage armchair,Add a touch of vintage charm to your home with this beautifully upholstered armchair.,150,Furniture,2024-05-13 02:00:37,2024-05-13 02:00:37,5
105,10,Ava Anderson,ava.anderson@example.com,01234567890,012-345-6789,passwordjkl,01234,2024-05-13 02:00:37,2024-05-13 02:00:37,31,2024-04-11,1,31,31,2,17,35,Rustic Elegance,Custom-made wooden furniture,Home Decor,2024-05-13 02:00:37,2024-05-13 02:00:37,2,Bohemian Wall Tapestry,Bohemian wall tapestry,"Add a bohemian flair to your space with this colorful wall tapestry, featuring intricate patterns and fringe details.",35,Home Decor,2024-05-13 02:00:37,2024-05-13 02:00:37,5
106,10,Ava Anderson,ava.anderson@example.com,01234567890,012-345-6789,passwordjkl,01234,2024-05-13 02:00:37,2024-05-13 02:00:37,43,2024-04-15,1,43,43,3,12,15,Artisanal Wonders,Unique artisanal kitchenware,Kitchen & Dining,2024-05-13 02:00:37,2024-05-13 02:00:37,3,Ceramic Plant Pot,Ceramic plant pot,"Bring nature indoors with this elegant ceramic plant pot, perfect for housing your favorite houseplants.",15,Garden,2024-05-13 02:00:37,2024-05-13 02:00:37,12
107,10,Ava Anderson,ava.anderson@example.com,01234567890,012-345-6789,passwordjkl,01234,2024-05-13 02:00:37,2024-05-13 02:00:37,55,2024-04-19,1,55,55,4,7,80,Eco-Friendly Finds,Sustainable home decor and accessories,Eco-Friendly,2024-05-13 02:00:37,2024-05-13 02:00:37,4,Abstract Canvas Painting,Contemporary abstract canvas painting,"Enhance your walls with this vibrant abstract canvas painting, perfect for modern interiors.",80,Art,2024-05-13 02:00:37,2024-05-13 02:00:37,7
108,10,Ava Anderson,ava.anderson@example.com,01234567890,012-345-6789,passwordjkl,01234,2024-05-13 02:00:37,2024-05-13 02:00:37,67,2024-04-23,1,67,67,4,19,30,Eco-Friendly Finds,Sustainable home decor and accessories,Eco-Friendly,2024-05-13 02:00:37,2024-05-13 02:00:37,4,Scandinavian Throw Blanket,Scandinavian throw blanket,"Stay cozy on chilly nights with this Scandinavian-inspired throw blanket, featuring a classic striped design.",30,Home Decor,2024-05-13 02:00:37,2024-05-13 02:00:37,7
109,10,Ava Anderson,ava.anderson@example.com,01234567890,012-345-6789,passwordjkl,01234,2024-05-13 02:00:37,2024-05-13 02:00:37,79,2024-04-27,1,79,79,5,14,25,Boho Chic,Bohemian-inspired decor and accessories,Decor,2024-05-13 02:00:37,2024-05-13 02:00:37,5,Handmade Soap Set,Luxurious handmade soap set,"Pamper yourself with this luxurious handmade soap set, featuring natural ingredients and soothing scents.",25,Bath & Body,2024-05-13 02:00:37,2024-05-13 02:00:37,14
110,10,Ava Anderson,ava.anderson@example.com,01234567890,012-345-6789,passwordjkl,01234,2024-05-13 02:00:37,2024-05-13 02:00:37,87,2024-04-29,2,2,2,1,5,150,Crafty Creations,Handmade jewelry and accessories,Fashion,2024-05-13 02:00:37,2024-05-13 02:00:37,1,Vintage Armchair,Elegant vintage armchair,Add a touch of vintage charm to your home with this beautifully upholstered armchair.,150,Furniture,2024-05-13 02:00:37,2024-05-13 02:00:37,5
111,10,Ava Anderson,ava.anderson@example.com,01234567890,012-345-6789,passwordjkl,01234,2024-05-13 02:00:37,2024-05-13 02:00:37,97,2024-04-03,2,12,12,1,15,50,Crafty Creations,Handmade jewelry and accessories,Fashion,2024-05-13 02:00:37,2024-05-13 02:00:37,1,Industrial Bar Stool,Industrial bar stool,"Add an industrial touch to your kitchen or bar area with this sturdy metal bar stool, featuring a vintage-inspired design.",50,Furniture,2024-05-13 02:00:37,2024-05-13 02:00:37,15
112,10,Ava Anderson,ava.anderson@example.com,01234567890,012-345-6789,passwordjkl,01234,2024-05-13 02:00:37,2024-05-13 02:00:37,109,2024-04-07,2,24,24,2,10,30,Rustic Elegance,Custom-made wooden furniture,Home Decor,2024-05-13 02:00:37,2024-05-13 02:00:37,2,Vintage Desk Lamp,Vintage desk lamp,"Illuminate your workspace with this vintage-inspired desk lamp, featuring an adjustable arm.",30,Lighting,2024-05-13 02:00:37,2024-05-13 02:00:37,10
113,10,Ava Anderson,ava.anderson@example.com,01234567890,012-345-6789,passwordjkl,01234,2024-05-13 02:00:37,2024-05-13 02:00:37,121,2024-04-11,2,36,36,3,5,150,Artisanal Wonders,Unique artisanal kitchenware,Kitchen & Dining,2024-05-13 02:00:37,2024-05-13 02:00:37,3,Vintage Armchair,Elegant vintage armchair,Add a touch of vintage charm to your home with this beautifully upholstered armchair.,150,Furniture,2024-05-13 02:00:37,2024-05-13 02:00:37,5
114,10,Ava Anderson,ava.anderson@example.com,01234567890,012-345-6789,passwordjkl,01234,2024-05-13 02:00:37,2024-05-13 02:00:37,133,2024-04-15,2,48,48,3,17,35,Artisanal Wonders,Unique artisanal kitchenware,Kitchen & Dining,2024-05-13 02:00:37,2024-05-13 02:00:37,3,Bohemian Wall Tapestry,Bohemian wall tapestry,"Add a bohemian flair to your space with this colorful wall tapestry, featuring intricate patterns and fringe details.",35,Home Decor,2024-05-13 02:00:37,2024-05-13 02:00:37,5
115,10,Ava Anderson,ava.anderson@example.com,01234567890,012-345-6789,passwordjkl,01234,2024-05-13 02:00:37,2024-05-13 02:00:37,145,2024-04-19,2,60,60,4,12,15,Eco-Friendly Finds,Sustainable home decor and accessories,Eco-Friendly,2024-05-13 02:00:37,2024-05-13 02:00:37,4,Ceramic Plant Pot,Ceramic plant pot,"Bring nature indoors with this elegant ceramic plant pot, perfect for housing your favorite houseplants.",15,Garden,2024-05-13 02:00:37,2024-05-13 02:00:37,12
116,10,Ava Anderson,ava.anderson@example.com,01234567890,012-345-6789,passwordjkl,01234,2024-05-13 02:00:37,2024-05-13 02:00:37,157,2024-04-23,2,72,72,5,7,80,Boho Chic,Bohemian-inspired decor and accessories,Decor,2024-05-13 02:00:37,2024-05-13 02:00:37,5,Abstract Canvas Painting,Contemporary abstract canvas painting,"Enhance your walls with this vibrant abstract canvas painting, perfect for modern interiors.",80,Art,2024-05-13 02:00:37,2024-05-13 02:00:37,7
117,10,Ava Anderson,ava.anderson@example.com,01234567890,012-345-6789,passwordjkl,01234,2024-05-13 02:00:37,2024-05-13 02:00:37,169,2024-04-27,2,84,84,5,19,30,Boho Chic,Bohemian-inspired decor and accessories,Decor,2024-05-13 02:00:37,2024-05-13 02:00:37,5,Scandinavian Throw Blanket,Scandinavian throw blanket,"Stay cozy on chilly nights with this Scandinavian-inspired throw blanket, featuring a classic striped design.",30,Home Decor,2024-05-13 02:00:37,2024-05-13 02:00:37,7
118,10,Ava Anderson,ava.anderson@example.com,01234567890,012-345-6789,passwordjkl,01234,2024-05-13 02:00:37,2024-05-13 02:00:37,181,2024-04-01,2,15,15,1,18,55,Crafty Creations,Handmade jewelry and accessories,Fashion,2024-05-13 02:00:37,2024-05-13 02:00:37,1,Handblown Glass Vase,Handblown glass vase,"Elevate your floral arrangements with this handblown glass vase, featuring a unique organic shape.",55,Decor,2024-05-13 02:00:37,2024-05-13 02:00:37,6
119,10,Ava Anderson,ava.anderson@example.com,01234567890,012-345-6789,passwordjkl,01234,2024-05-13 02:00:37,2024-05-13 02:00:37,193,2024-04-05,2,8,8,1,11,60,Crafty Creations,Handmade jewelry and accessories,Fashion,2024-05-13 02:00:37,2024-05-13 02:00:37,1,Handwoven Area Rug,Handwoven area rug,"Add warmth and texture to your floors with this handwoven area rug, crafted from natural fibers.",60,Home Decor,2024-05-13 02:00:37,2024-05-13 02:00:37,11
120,11,William Thomas,william.thomas@example.com,12345678901,123-456-7890,passwordmno,12345,2024-05-13 02:00:37,2024-05-13 02:00:37,8,2024-04-03,2,8,8,1,11,60,Crafty Creations,Handmade jewelry and accessories,Fashion,2024-05-13 02:00:37,2024-05-13 02:00:37,1,Handwoven Area Rug,Handwoven area rug,"Add warmth and texture to your floors with this handwoven area rug, crafted from natural fibers.",60,Home Decor,2024-05-13 02:00:37,2024-05-13 02:00:37,11
121,11,William Thomas,william.thomas@example.com,12345678901,123-456-7890,passwordmno,12345,2024-05-13 02:00:37,2024-05-13 02:00:37,20,2024-04-07,2,20,20,2,6,25,Rustic Elegance,Custom-made wooden furniture,Home Decor,2024-05-13 02:00:37,2024-05-13 02:00:37,2,Artisanal Serving Tray,Unique artisanal serving tray,"Serve your guests in style with this handcrafted serving tray, featuring intricate designs.",25,Kitchen & Dining,2024-05-13 02:00:37,2024-05-13 02:00:37,6
122,11,William Thomas,william.thomas@example.com,12345678901,123-456-7890,passwordmno,12345,2024-05-13 02:00:37,2024-05-13 02:00:37,32,2024-04-11,2,32,32,2,18,55,Rustic Elegance,Custom-made wooden furniture,Home Decor,2024-05-13 02:00:37,2024-05-13 02:00:37,2,Handblown Glass Vase,Handblown glass vase,"Elevate your floral arrangements with this handblown glass vase, featuring a unique organic shape.",55,Decor,2024-05-13 02:00:37,2024-05-13 02:00:37,6
123,11,William Thomas,william.thomas@example.com,12345678901,123-456-7890,passwordmno,12345,2024-05-13 02:00:37,2024-05-13 02:00:37,44,2024-04-15,2,44,44,3,13,35,Artisanal Wonders,Unique artisanal kitchenware,Kitchen & Dining,2024-05-13 02:00:37,2024-05-13 02:00:37,3,Minimalist Wall Clock,Minimalist wall clock,"Keep track of time in style with this minimalist wall clock, featuring a sleek design.",35,Home Decor,2024-05-13 02:00:37,2024-05-13 02:00:37,13
124,11,William Thomas,william.thomas@example.com,12345678901,123-456-7890,passwordmno,12345,2024-05-13 02:00:37,2024-05-13 02:00:37,56,2024-04-19,2,56,56,4,8,20,Eco-Friendly Finds,Sustainable home decor and accessories,Eco-Friendly,2024-05-13 02:00:37,2024-05-13 02:00:37,4,Handmade Throw Pillow,Cozy handmade throw pillow,"Add comfort and style to your living room with this handcrafted throw pillow, featuring a unique pattern.",20,Home Decor,2024-05-13 02:00:37,2024-05-13 02:00:37,8
125,11,William Thomas,william.thomas@example.com,12345678901,123-456-7890,passwordmno,12345,2024-05-13 02:00:37,2024-05-13 02:00:37,68,2024-04-23,2,68,68,4,20,70,Eco-Friendly Finds,Sustainable home decor and accessories,Eco-Friendly,2024-05-13 02:00:37,2024-05-13 02:00:37,4,Modern Wall Mirror,Modern wall mirror,"Add depth and style to your space with this modern wall mirror, featuring a sleek frameless design.",70,Home Decor,2024-05-13 02:00:37,2024-05-13 02:00:37,8
126,11,William Thomas,william.thomas@example.com,12345678901,123-456-7890,passwordmno,12345,2024-05-13 02:00:37,2024-05-13 02:00:37,80,2024-04-27,2,80,80,5,15,50,Boho Chic,Bohemian-inspired decor and accessories,Decor,2024-05-13 02:00:37,2024-05-13 02:00:37,5,Industrial Bar Stool,Industrial bar stool,"Add an industrial touch to your kitchen or bar area with this sturdy metal bar stool, featuring a vintage-inspired design.",50,Furniture,2024-05-13 02:00:37,2024-05-13 02:00:37,15
127,11,William Thomas,william.thomas@example.com,12345678901,123-456-7890,passwordmno,12345,2024-05-13 02:00:37,2024-05-13 02:00:37,98,2024-04-03,3,13,13,1,16,40,Crafty Creations,Handmade jewelry and accessories,Fashion,2024-05-13 02:00:37,2024-05-13 02:00:37,1,Artisanal Cheese Board,Artisanal cheese board,"Entertain in style with this artisanal cheese board, crafted from high-quality wood and featuring a built-in knife holder.",40,Kitchen & Dining,2024-05-13 02:00:37,2024-05-13 02:00:37,4
128,11,William Thomas,william.thomas@example.com,12345678901,123-456-7890,passwordmno,12345,2024-05-13 02:00:37,2024-05-13 02:00:37,110,2024-04-07,3,25,25,2,11,60,Rustic Elegance,Custom-made wooden furniture,Home Decor,2024-05-13 02:00:37,2024-05-13 02:00:37,2,Handwoven Area Rug,Handwoven area rug,"Add warmth and texture to your floors with this handwoven area rug, crafted from natural fibers.",60,Home Decor,2024-05-13 02:00:37,2024-05-13 02:00:37,11
129,11,William Thomas,william.thomas@example.com,12345678901,123-456-7890,passwordmno,12345,2024-05-13 02:00:37,2024-05-13 02:00:37,122,2024-04-11,3,37,37,3,6,25,Artisanal Wonders,Unique artisanal kitchenware,Kitchen & Dining,2024-05-13 02:00:37,2024-05-13 02:00:37,3,Artisanal Serving Tray,Unique artisanal serving tray,"Serve your guests in style with this handcrafted serving tray, featuring intricate designs.",25,Kitchen & Dining,2024-05-13 02:00:37,2024-05-13 02:00:37,6
130,11,William Thomas,william.thomas@example.com,12345678901,123-456-7890,passwordmno,12345,2024-05-13 02:00:37,2024-05-13 02:00:37,134,2024-04-15,3,49,49,3,18,55,Artisanal Wonders,Unique artisanal kitchenware,Kitchen & Dining,2024-05-13 02:00:37,2024-05-13 02:00:37,3,Handblown Glass Vase,Handblown glass vase,"Elevate your floral arrangements with this handblown glass vase, featuring a unique organic shape.",55,Decor,2024-05-13 02:00:37,2024-05-13 02:00:37,6
131,11,William Thomas,william.thomas@example.com,12345678901,123-456-7890,passwordmno,12345,2024-05-13 02:00:37,2024-05-13 02:00:37,146,2024-04-19,3,61,61,4,13,35,Eco-Friendly Finds,Sustainable home decor and accessories,Eco-Friendly,2024-05-13 02:00:37,2024-05-13 02:00:37,4,Minimalist Wall Clock,Minimalist wall clock,"Keep track of time in style with this minimalist wall clock, featuring a sleek design.",35,Home Decor,2024-05-13 02:00:37,2024-05-13 02:00:37,13
132,11,William Thomas,william.thomas@example.com,12345678901,123-456-7890,passwordmno,12345,2024-05-13 02:00:37,2024-05-13 02:00:37,158,2024-04-23,3,73,73,5,8,20,Boho Chic,Bohemian-inspired decor and accessories,Decor,2024-05-13 02:00:37,2024-05-13 02:00:37,5,Handmade Throw Pillow,Cozy handmade throw pillow,"Add comfort and style to your living room with this handcrafted throw pillow, featuring a unique pattern.",20,Home Decor,2024-05-13 02:00:37,2024-05-13 02:00:37,8
133,11,William Thomas,william.thomas@example.com,12345678901,123-456-7890,passwordmno,12345,2024-05-13 02:00:37,2024-05-13 02:00:37,170,2024-04-27,3,85,85,5,20,70,Boho Chic,Bohemian-inspired decor and accessories,Decor,2024-05-13 02:00:37,2024-05-13 02:00:37,5,Modern Wall Mirror,Modern wall mirror,"Add depth and style to your space with this modern wall mirror, featuring a sleek frameless design.",70,Home Decor,2024-05-13 02:00:37,2024-05-13 02:00:37,8
134,11,William Thomas,william.thomas@example.com,12345678901,123-456-7890,passwordmno,12345,2024-05-13 02:00:37,2024-05-13 02:00:37,182,2024-04-01,3,21,21,2,7,80,Rustic Elegance,Custom-made wooden furniture,Home Decor,2024-05-13 02:00:37,2024-05-13 02:00:37,2,Abstract Canvas Painting,Contemporary abstract canvas painting,"Enhance your walls with this vibrant abstract canvas painting, perfect for modern interiors.",80,Art,2024-05-13 02:00:37,2024-05-13 02:00:37,7
135,11,William Thomas,william.thomas@example.com,12345678901,123-456-7890,passwordmno,12345,2024-05-13 02:00:37,2024-05-13 02:00:37,194,2024-04-05,3,12,12,1,15,50,Crafty Creations,Handmade jewelry and accessories,Fashion,2024-05-13 02:00:37,2024-05-13 02:00:37,1,Industrial Bar Stool,Industrial bar stool,"Add an industrial touch to your kitchen or bar area with this sturdy metal bar stool, featuring a vintage-inspired design.",50,Furniture,2024-05-13 02:00:37,2024-05-13 02:00:37,15
136,12,Emma Garcia,emma.garcia@example.com,23456789012,234-567-8901,passwordpqr,23456,2024-05-13 02:00:37,2024-05-13 02:00:37,9,2024-04-03,3,9,9,1,12,15,Crafty Creations,Handmade jewelry and accessories,Fashion,2024-05-13 02:00:37,2024-05-13 02:00:37,1,Ceramic Plant Pot,Ceramic plant pot,"Bring nature indoors with this elegant ceramic plant pot, perfect for housing your favorite houseplants.",15,Garden,2024-05-13 02:00:37,2024-05-13 02:00:37,12
137,12,Emma Garcia,emma.garcia@example.com,23456789012,234-567-8901,passwordpqr,23456,2024-05-13 02:00:37,2024-05-13 02:00:37,21,2024-04-07,3,21,21,2,7,80,Rustic Elegance,Custom-made wooden furniture,Home Decor,2024-05-13 02:00:37,2024-05-13 02:00:37,2,Abstract Canvas Painting,Contemporary abstract canvas painting,"Enhance your walls with this vibrant abstract canvas painting, perfect for modern interiors.",80,Art,2024-05-13 02:00:37,2024-05-13 02:00:37,7
138,12,Emma Garcia,emma.garcia@example.com,23456789012,234-567-8901,passwordpqr,23456,2024-05-13 02:00:37,2024-05-13 02:00:37,33,2024-04-11,3,33,33,2,19,30,Rustic Elegance,Custom-made wooden furniture,Home Decor,2024-05-13 02:00:37,2024-05-13 02:00:37,2,Scandinavian Throw Blanket,Scandinavian throw blanket,"Stay cozy on chilly nights with this Scandinavian-inspired throw blanket, featuring a classic striped design.",30,Home Decor,2024-05-13 02:00:37,2024-05-13 02:00:37,7
139,12,Emma Garcia,emma.garcia@example.com,23456789012,234-567-8901,passwordpqr,23456,2024-05-13 02:00:37,2024-05-13 02:00:37,45,2024-04-15,3,45,45,3,14,25,Artisanal Wonders,Unique artisanal kitchenware,Kitchen & Dining,2024-05-13 02:00:37,2024-05-13 02:00:37,3,Handmade Soap Set,Luxurious handmade soap set,"Pamper yourself with this luxurious handmade soap set, featuring natural ingredients and soothing scents.",25,Bath & Body,2024-05-13 02:00:37,2024-05-13 02:00:37,14
140,12,Emma Garcia,emma.garcia@example.com,23456789012,234-567-8901,passwordpqr,23456,2024-05-13 02:00:37,2024-05-13 02:00:37,57,2024-04-19,3,57,57,4,9,45,Eco-Friendly Finds,Sustainable home decor and accessories,Eco-Friendly,2024-05-13 02:00:37,2024-05-13 02:00:37,4,Rustic Wooden Shelf,Rustic wooden shelf,"Display your favorite decor items with this rustic wooden shelf, crafted from reclaimed wood.",45,Decor,2024-05-13 02:00:37,2024-05-13 02:00:37,9
141,12,Emma Garcia,emma.garcia@example.com,23456789012,234-567-8901,passwordpqr,23456,2024-05-13 02:00:37,2024-05-13 02:00:37,69,2024-04-23,3,69,69,5,4,40,Boho Chic,Bohemian-inspired decor and accessories,Decor,2024-05-13 02:00:37,2024-05-13 02:00:37,5,Handcrafted Vase,Beautiful handcrafted vase,"This exquisite vase is handcrafted by skilled artisans, adding elegance to any space.",40,Decor,2024-05-13 02:00:37,2024-05-13 02:00:37,4
142,12,Emma Garcia,emma.garcia@example.com,23456789012,234-567-8901,passwordpqr,23456,2024-05-13 02:00:37,2024-05-13 02:00:37,81,2024-04-27,3,81,81,5,16,40,Boho Chic,Bohemian-inspired decor and accessories,Decor,2024-05-13 02:00:37,2024-05-13 02:00:37,5,Artisanal Cheese Board,Artisanal cheese board,"Entertain in style with this artisanal cheese board, crafted from high-quality wood and featuring a built-in knife holder.",40,Kitchen & Dining,2024-05-13 02:00:37,2024-05-13 02:00:37,4
143,12,Emma Garcia,emma.garcia@example.com,23456789012,234-567-8901,passwordpqr,23456,2024-05-13 02:00:37,2024-05-13 02:00:37,99,2024-04-03,1,14,14,1,17,35,Crafty Creations,Handmade jewelry and accessories,Fashion,2024-05-13 02:00:37,2024-05-13 02:00:37,1,Bohemian Wall Tapestry,Bohemian wall tapestry,"Add a bohemian flair to your space with this colorful wall tapestry, featuring intricate patterns and fringe details.",35,Home Decor,2024-05-13 02:00:37,2024-05-13 02:00:37,5
144,12,Emma Garcia,emma.garcia@example.com,23456789012,234-567-8901,passwordpqr,23456,2024-05-13 02:00:37,2024-05-13 02:00:37,111,2024-04-07,1,26,26,2,12,15,Rustic Elegance,Custom-made wooden furniture,Home Decor,2024-05-13 02:00:37,2024-05-13 02:00:37,2,Ceramic Plant Pot,Ceramic plant pot,"Bring nature indoors with this elegant ceramic plant pot, perfect for housing your favorite houseplants.",15,Garden,2024-05-13 02:00:37,2024-05-13 02:00:37,12
145,12,Emma Garcia,emma.garcia@example.com,23456789012,234-567-8901,passwordpqr,23456,2024-05-13 02:00:37,2024-05-13 02:00:37,123,2024-04-11,1,38,38,3,7,80,Artisanal Wonders,Unique artisanal kitchenware,Kitchen & Dining,2024-05-13 02:00:37,2024-05-13 02:00:37,3,Abstract Canvas Painting,Contemporary abstract canvas painting,"Enhance your walls with this vibrant abstract canvas painting, perfect for modern interiors.",80,Art,2024-05-13 02:00:37,2024-05-13 02:00:37,7
146,12,Emma Garcia,emma.garcia@example.com,23456789012,234-567-8901,passwordpqr,23456,2024-05-13 02:00:37,2024-05-13 02:00:37,135,2024-04-15,1,50,50,3,19,30,Artisanal Wonders,Unique artisanal kitchenware,Kitchen & Dining,2024-05-13 02:00:37,2024-05-13 02:00:37,3,Scandinavian Throw Blanket,Scandinavian throw blanket,"Stay cozy on chilly nights with this Scandinavian-inspired throw blanket, featuring a classic striped design.",30,Home Decor,2024-05-13 02:00:37,2024-05-13 02:00:37,7
147,12,Emma Garcia,emma.garcia@example.com,23456789012,234-567-8901,passwordpqr,23456,2024-05-13 02:00:37,2024-05-13 02:00:37,147,2024-04-19,1,62,62,4,14,25,Eco-Friendly Finds,Sustainable home decor and accessories,Eco-Friendly,2024-05-13 02:00:37,2024-05-13 02:00:37,4,Handmade Soap Set,Luxurious handmade soap set,"Pamper yourself with this luxurious handmade soap set, featuring natural ingredients and soothing scents.",25,Bath & Body,2024-05-13 02:00:37,2024-05-13 02:00:37,14
148,12,Emma Garcia,emma.garcia@example.com,23456789012,234-567-8901,passwordpqr,23456,2024-05-13 02:00:37,2024-05-13 02:00:37,159,2024-04-23,1,74,74,5,9,45,Boho Chic,Bohemian-inspired decor and accessories,Decor,2024-05-13 02:00:37,2024-05-13 02:00:37,5,Rustic Wooden Shelf,Rustic wooden shelf,"Display your favorite decor items with this rustic wooden shelf, crafted from reclaimed wood.",45,Decor,2024-05-13 02:00:37,2024-05-13 02:00:37,9
149,12,Emma Garcia,emma.garcia@example.com,23456789012,234-567-8901,passwordpqr,23456,2024-05-13 02:00:37,2024-05-13 02:00:37,171,2024-04-27,1,1,1,1,4,40,Crafty Creations,Handmade jewelry and accessories,Fashion,2024-05-13 02:00:37,2024-05-13 02:00:37,1,Handcrafted Vase,Beautiful handcrafted vase,"This exquisite vase is handcrafted by skilled artisans, adding elegance to any space.",40,Decor,2024-05-13 02:00:37,2024-05-13 02:00:37,4
150,12,Emma Garcia,emma.garcia@example.com,23456789012,234-567-8901,passwordpqr,23456,2024-05-13 02:00:37,2024-05-13 02:00:37,183,2024-04-01,1,67,67,4,19,30,Eco-Friendly Finds,Sustainable home decor and accessories,Eco-Friendly,2024-05-13 02:00:37,2024-05-13 02:00:37,4,Scandinavian Throw Blanket,Scandinavian throw blanket,"Stay cozy on chilly nights with this Scandinavian-inspired throw blanket, featuring a classic striped design.",30,Home Decor,2024-05-13 02:00:37,2024-05-13 02:00:37,7
151,12,Emma Garcia,emma.garcia@example.com,23456789012,234-567-8901,passwordpqr,23456,2024-05-13 02:00:37,2024-05-13 02:00:37,195,2024-04-05,1,17,17,1,20,70,Crafty Creations,Handmade jewelry and accessories,Fashion,2024-05-13 02:00:37,2024-05-13 02:00:37,1,Modern Wall Mirror,Modern wall mirror,"Add depth and style to your space with this modern wall mirror, featuring a sleek frameless design.",70,Home Decor,2024-05-13 02:00:37,2024-05-13 02:00:37,8
152,13,James Rodriguez,james.rodriguez@example.com,34567890123,345-678-9012,passwordstu,34567,2024-05-13 02:00:37,2024-05-13 02:00:37,10,2024-04-04,1,10,10,1,13,35,Crafty Creations,Handmade jewelry and accessories,Fashion,2024-05-13 02:00:37,2024-05-13 02:00:37,1,Minimalist Wall Clock,Minimalist wall clock,"Keep track of time in style with this minimalist wall clock, featuring a sleek design.",35,Home Decor,2024-05-13 02:00:37,2024-05-13 02:00:37,13
153,13,James Rodriguez,james.rodriguez@example.com,34567890123,345-678-9012,passwordstu,34567,2024-05-13 02:00:37,2024-05-13 02:00:37,22,2024-04-08,1,22,22,2,8,20,Rustic Elegance,Custom-made wooden furniture,Home Decor,2024-05-13 02:00:37,2024-05-13 02:00:37,2,Handmade Throw Pillow,Cozy handmade throw pillow,"Add comfort and style to your living room with this handcrafted throw pillow, featuring a unique pattern.",20,Home Decor,2024-05-13 02:00:37,2024-05-13 02:00:37,8
154,13,James Rodriguez,james.rodriguez@example.com,34567890123,345-678-9012,passwordstu,34567,2024-05-13 02:00:37,2024-05-13 02:00:37,34,2024-04-12,1,34,34,2,20,70,Rustic Elegance,Custom-made wooden furniture,Home Decor,2024-05-13 02:00:37,2024-05-13 02:00:37,2,Modern Wall Mirror,Modern wall mirror,"Add depth and style to your space with this modern wall mirror, featuring a sleek frameless design.",70,Home Decor,2024-05-13 02:00:37,2024-05-13 02:00:37,8
155,13,James Rodriguez,james.rodriguez@example.com,34567890123,345-678-9012,passwordstu,34567,2024-05-13 02:00:37,2024-05-13 02:00:37,46,2024-04-16,1,46,46,3,15,50,Artisanal Wonders,Unique artisanal kitchenware,Kitchen & Dining,2024-05-13 02:00:37,2024-05-13 02:00:37,3,Industrial Bar Stool,Industrial bar stool,"Add an industrial touch to your kitchen or bar area with this sturdy metal bar stool, featuring a vintage-inspired design.",50,Furniture,2024-05-13 02:00:37,2024-05-13 02:00:37,15
156,13,James Rodriguez,james.rodriguez@example.com,34567890123,345-678-9012,passwordstu,34567,2024-05-13 02:00:37,2024-05-13 02:00:37,58,2024-04-20,1,58,58,4,10,30,Eco-Friendly Finds,Sustainable home decor and accessories,Eco-Friendly,2024-05-13 02:00:37,2024-05-13 02:00:37,4,Vintage Desk Lamp,Vintage desk lamp,"Illuminate your workspace with this vintage-inspired desk lamp, featuring an adjustable arm.",30,Lighting,2024-05-13 02:00:37,2024-05-13 02:00:37,10
157,13,James Rodriguez,james.rodriguez@example.com,34567890123,345-678-9012,passwordstu,34567,2024-05-13 02:00:37,2024-05-13 02:00:37,70,2024-04-24,1,70,70,5,5,150,Boho Chic,Bohemian-inspired decor and accessories,Decor,2024-05-13 02:00:37,2024-05-13 02:00:37,5,Vintage Armchair,Elegant vintage armchair,Add a touch of vintage charm to your home with this beautifully upholstered armchair.,150,Furniture,2024-05-13 02:00:37,2024-05-13 02:00:37,5
158,13,James Rodriguez,james.rodriguez@example.com,34567890123,345-678-9012,passwordstu,34567,2024-05-13 02:00:37,2024-05-13 02:00:37,82,2024-04-28,1,82,82,5,17,35,Boho Chic,Bohemian-inspired decor and accessories,Decor,2024-05-13 02:00:37,2024-05-13 02:00:37,5,Bohemian Wall Tapestry,Bohemian wall tapestry,"Add a bohemian flair to your space with this colorful wall tapestry, featuring intricate patterns and fringe details.",35,Home Decor,2024-05-13 02:00:37,2024-05-13 02:00:37,5
159,13,James Rodriguez,james.rodriguez@example.com,34567890123,345-678-9012,passwordstu,34567,2024-05-13 02:00:37,2024-05-13 02:00:37,100,2024-04-04,2,15,15,1,18,55,Crafty Creations,Handmade jewelry and accessories,Fashion,2024-05-13 02:00:37,2024-05-13 02:00:37,1,Handblown Glass Vase,Handblown glass vase,"Elevate your floral arrangements with this handblown glass vase, featuring a unique organic shape.",55,Decor,2024-05-13 02:00:37,2024-05-13 02:00:37,6
160,13,James Rodriguez,james.rodriguez@example.com,34567890123,345-678-9012,passwordstu,34567,2024-05-13 02:00:37,2024-05-13 02:00:37,112,2024-04-08,2,27,27,2,13,35,Rustic Elegance,Custom-made wooden furniture,Home Decor,2024-05-13 02:00:37,2024-05-13 02:00:37,2,Minimalist Wall Clock,Minimalist wall clock,"Keep track of time in style with this minimalist wall clock, featuring a sleek design.",35,Home Decor,2024-05-13 02:00:37,2024-05-13 02:00:37,13
161,13,James Rodriguez,james.rodriguez@example.com,34567890123,345-678-9012,passwordstu,34567,2024-05-13 02:00:37,2024-05-13 02:00:37,124,2024-04-12,2,39,39,3,8,20,Artisanal Wonders,Unique artisanal kitchenware,Kitchen & Dining,2024-05-13 02:00:37,2024-05-13 02:00:37,3,Handmade Throw Pillow,Cozy handmade throw pillow,"Add comfort and style to your living room with this handcrafted throw pillow, featuring a unique pattern.",20,Home Decor,2024-05-13 02:00:37,2024-05-13 02:00:37,8
162,13,James Rodriguez,james.rodriguez@example.com,34567890123,345-678-9012,passwordstu,34567,2024-05-13 02:00:37,2024-05-13 02:00:37,136,2024-04-16,2,51,51,3,20,70,Artisanal Wonders,Unique artisanal kitchenware,Kitchen & Dining,2024-05-13 02:00:37,2024-05-13 02:00:37,3,Modern Wall Mirror,Modern wall mirror,"Add depth and style to your space with this modern wall mirror, featuring a sleek frameless design.",70,Home Decor,2024-05-13 02:00:37,2024-05-13 02:00:37,8
163,13,James Rodriguez,james.rodriguez@example.com,34567890123,345-678-9012,passwordstu,34567,2024-05-13 02:00:37,2024-05-13 02:00:37,148,2024-04-20,2,63,63,4,15,50,Eco-Friendly Finds,Sustainable home decor and accessories,Eco-Friendly,2024-05-13 02:00:37,2024-05-13 02:00:37,4,Industrial Bar Stool,Industrial bar stool,"Add an industrial touch to your kitchen or bar area with this sturdy metal bar stool, featuring a vintage-inspired design.",50,Furniture,2024-05-13 02:00:37,2024-05-13 02:00:37,15
164,13,James Rodriguez,james.rodriguez@example.com,34567890123,345-678-9012,passwordstu,34567,2024-05-13 02:00:37,2024-05-13 02:00:37,160,2024-04-24,2,75,75,5,10,30,Boho Chic,Bohemian-inspired decor and accessories,Decor,2024-05-13 02:00:37,2024-05-13 02:00:37,5,Vintage Desk Lamp,Vintage desk lamp,"Illuminate your workspace with this vintage-inspired desk lamp, featuring an adjustable arm.",30,Lighting,2024-05-13 02:00:37,2024-05-13 02:00:37,10
165,13,James Rodriguez,james.rodriguez@example.com,34567890123,345-678-9012,passwordstu,34567,2024-05-13 02:00:37,2024-05-13 02:00:37,172,2024-04-28,2,2,2,1,5,150,Crafty Creations,Handmade jewelry and accessories,Fashion,2024-05-13 02:00:37,2024-05-13 02:00:37,1,Vintage Armchair,Elegant vintage armchair,Add a touch of vintage charm to your home with this beautifully upholstered armchair.,150,Furniture,2024-05-13 02:00:37,2024-05-13 02:00:37,5
166,13,James Rodriguez,james.rodriguez@example.com,34567890123,345-678-9012,passwordstu,34567,2024-05-13 02:00:37,2024-05-13 02:00:37,184,2024-04-02,2,62,62,4,14,25,Eco-Friendly Finds,Sustainable home decor and accessories,Eco-Friendly,2024-05-13 02:00:37,2024-05-13 02:00:37,4,Handmade Soap Set,Luxurious handmade soap set,"Pamper yourself with this luxurious handmade soap set, featuring natural ingredients and soothing scents.",25,Bath & Body,2024-05-13 02:00:37,2024-05-13 02:00:37,14
167,13,James Rodriguez,james.rodriguez@example.com,34567890123,345-678-9012,passwordstu,34567,2024-05-13 02:00:37,2024-05-13 02:00:37,196,2024-04-06,2,26,26,2,12,15,Rustic Elegance,Custom-made wooden furniture,Home Decor,2024-05-13 02:00:37,2024-05-13 02:00:37,2,Ceramic Plant Pot,Ceramic plant pot,"Bring nature indoors with this elegant ceramic plant pot, perfect for housing your favorite houseplants.",15,Garden,2024-05-13 02:00:37,2024-05-13 02:00:37,12
168,14,Isabella Lopez,isabella.lopez@example.com,45678901234,456-789-0123,passwordvwx,45678,2024-05-13 02:00:37,2024-05-13 02:00:37,11,2024-04-04,2,11,11,1,14,25,Crafty Creations,Handmade jewelry and accessories,Fashion,2024-05-13 02:00:37,2024-05-13 02:00:37,1,Handmade Soap Set,Luxurious handmade soap set,"Pamper yourself with this luxurious handmade soap set, featuring natural ingredients and soothing scents.",25,Bath & Body,2024-05-13 02:00:37,2024-05-13 02:00:37,14
169,14,Isabella Lopez,isabella.lopez@example.com,45678901234,456-789-0123,passwordvwx,45678,2024-05-13 02:00:37,2024-05-13 02:00:37,23,2024-04-08,2,23,23,2,9,45,Rustic Elegance,Custom-made wooden furniture,Home Decor,2024-05-13 02:00:37,2024-05-13 02:00:37,2,Rustic Wooden Shelf,Rustic wooden shelf,"Display your favorite decor items with this rustic wooden shelf, crafted from reclaimed wood.",45,Decor,2024-05-13 02:00:37,2024-05-13 02:00:37,9
170,14,Isabella Lopez,isabella.lopez@example.com,45678901234,456-789-0123,passwordvwx,45678,2024-05-13 02:00:37,2024-05-13 02:00:37,35,2024-04-12,2,35,35,3,4,40,Artisanal Wonders,Unique artisanal kitchenware,Kitchen & Dining,2024-05-13 02:00:37,2024-05-13 02:00:37,3,Handcrafted Vase,Beautiful handcrafted vase,"This exquisite vase is handcrafted by skilled artisans, adding elegance to any space.",40,Decor,2024-05-13 02:00:37,2024-05-13 02:00:37,4
171,14,Isabella Lopez,isabella.lopez@example.com,45678901234,456-789-0123,passwordvwx,45678,2024-05-13 02:00:37,2024-05-13 02:00:37,47,2024-04-16,2,47,47,3,16,40,Artisanal Wonders,Unique artisanal kitchenware,Kitchen & Dining,2024-05-13 02:00:37,2024-05-13 02:00:37,3,Artisanal Cheese Board,Artisanal cheese board,"Entertain in style with this artisanal cheese board, crafted from high-quality wood and featuring a built-in knife holder.",40,Kitchen & Dining,2024-05-13 02:00:37,2024-05-13 02:00:37,4
172,14,Isabella Lopez,isabella.lopez@example.com,45678901234,456-789-0123,passwordvwx,45678,2024-05-13 02:00:37,2024-05-13 02:00:37,59,2024-04-20,2,59,59,4,11,60,Eco-Friendly Finds,Sustainable home decor and accessories,Eco-Friendly,2024-05-13 02:00:37,2024-05-13 02:00:37,4,Handwoven Area Rug,Handwoven area rug,"Add warmth and texture to your floors with this handwoven area rug, crafted from natural fibers.",60,Home Decor,2024-05-13 02:00:37,2024-05-13 02:00:37,11
173,14,Isabella Lopez,isabella.lopez@example.com,45678901234,456-789-0123,passwordvwx,45678,2024-05-13 02:00:37,2024-05-13 02:00:37,71,2024-04-24,2,71,71,5,6,25,Boho Chic,Bohemian-inspired decor and accessories,Decor,2024-05-13 02:00:37,2024-05-13 02:00:37,5,Artisanal Serving Tray,Unique artisanal serving tray,"Serve your guests in style with this handcrafted serving tray, featuring intricate designs.",25,Kitchen & Dining,2024-05-13 02:00:37,2024-05-13 02:00:37,6
174,14,Isabella Lopez,isabella.lopez@example.com,45678901234,456-789-0123,passwordvwx,45678,2024-05-13 02:00:37,2024-05-13 02:00:37,83,2024-04-28,2,83,83,5,18,55,Boho Chic,Bohemian-inspired decor and accessories,Decor,2024-05-13 02:00:37,2024-05-13 02:00:37,5,Handblown Glass Vase,Handblown glass vase,"Elevate your floral arrangements with this handblown glass vase, featuring a unique organic shape.",55,Decor,2024-05-13 02:00:37,2024-05-13 02:00:37,6
175,14,Isabella Lopez,isabella.lopez@example.com,45678901234,456-789-0123,passwordvwx,45678,2024-05-13 02:00:37,2024-05-13 02:00:37,101,2024-04-04,3,16,16,1,19,30,Crafty Creations,Handmade jewelry and accessories,Fashion,2024-05-13 02:00:37,2024-05-13 02:00:37,1,Scandinavian Throw Blanket,Scandinavian throw blanket,"Stay cozy on chilly nights with this Scandinavian-inspired throw blanket, featuring a classic striped design.",30,Home Decor,2024-05-13 02:00:37,2024-05-13 02:00:37,7
176,14,Isabella Lopez,isabella.lopez@example.com,45678901234,456-789-0123,passwordvwx,45678,2024-05-13 02:00:37,2024-05-13 02:00:37,113,2024-04-08,3,28,28,2,14,25,Rustic Elegance,Custom-made wooden furniture,Home Decor,2024-05-13 02:00:37,2024-05-13 02:00:37,2,Handmade Soap Set,Luxurious handmade soap set,"Pamper yourself with this luxurious handmade soap set, featuring natural ingredients and soothing scents.",25,Bath & Body,2024-05-13 02:00:37,2024-05-13 02:00:37,14
177,14,Isabella Lopez,isabella.lopez@example.com,45678901234,456-789-0123,passwordvwx,45678,2024-05-13 02:00:37,2024-05-13 02:00:37,125,2024-04-12,3,40,40,3,9,45,Artisanal Wonders,Unique artisanal kitchenware,Kitchen & Dining,2024-05-13 02:00:37,2024-05-13 02:00:37,3,Rustic Wooden Shelf,Rustic wooden shelf,"Display your favorite decor items with this rustic wooden shelf, crafted from reclaimed wood.",45,Decor,2024-05-13 02:00:37,2024-05-13 02:00:37,9
178,14,Isabella Lopez,isabella.lopez@example.com,45678901234,456-789-0123,passwordvwx,45678,2024-05-13 02:00:37,2024-05-13 02:00:37,137,2024-04-16,3,52,52,4,4,40,Eco-Friendly Finds,Sustainable home decor and accessories,Eco-Friendly,2024-05-13 02:00:37,2024-05-13 02:00:37,4,Handcrafted Vase,Beautiful handcrafted vase,"This exquisite vase is handcrafted by skilled artisans, adding elegance to any space.",40,Decor,2024-05-13 02:00:37,2024-05-13 02:00:37,4
179,14,Isabella Lopez,isabella.lopez@example.com,45678901234,456-789-0123,passwordvwx,45678,2024-05-13 02:00:37,2024-05-13 02:00:37,149,2024-04-20,3,64,64,4,16,40,Eco-Friendly Finds,Sustainable home decor and accessories,Eco-Friendly,2024-05-13 02:00:37,2024-05-13 02:00:37,4,Artisanal Cheese Board,Artisanal cheese board,"Entertain in style with this artisanal cheese board, crafted from high-quality wood and featuring a built-in knife holder.",40,Kitchen & Dining,2024-05-13 02:00:37,2024-05-13 02:00:37,4
180,14,Isabella Lopez,isabella.lopez@example.com,45678901234,456-789-0123,passwordvwx,45678,2024-05-13 02:00:37,2024-05-13 02:00:37,161,2024-04-24,3,76,76,5,11,60,Boho Chic,Bohemian-inspired decor and accessories,Decor,2024-05-13 02:00:37,2024-05-13 02:00:37,5,Handwoven Area Rug,Handwoven area rug,"Add warmth and texture to your floors with this handwoven area rug, crafted from natural fibers.",60,Home Decor,2024-05-13 02:00:37,2024-05-13 02:00:37,11
181,14,Isabella Lopez,isabella.lopez@example.com,45678901234,456-789-0123,passwordvwx,45678,2024-05-13 02:00:37,2024-05-13 02:00:37,173,2024-04-28,3,3,3,1,6,25,Crafty Creations,Handmade jewelry and accessories,Fashion,2024-05-13 02:00:37,2024-05-13 02:00:37,1,Artisanal Serving Tray,Unique artisanal serving tray,"Serve your guests in style with this handcrafted serving tray, featuring intricate designs.",25,Kitchen & Dining,2024-05-13 02:00:37,2024-05-13 02:00:37,6
182,14,Isabella Lopez,isabella.lopez@example.com,45678901234,456-789-0123,passwordvwx,45678,2024-05-13 02:00:37,2024-05-13 02:00:37,185,2024-04-02,3,45,45,3,14,25,Artisanal Wonders,Unique artisanal kitchenware,Kitchen & Dining,2024-05-13 02:00:37,2024-05-13 02:00:37,3,Handmade Soap Set,Luxurious handmade soap set,"Pamper yourself with this luxurious handmade soap set, featuring natural ingredients and soothing scents.",25,Bath & Body,2024-05-13 02:00:37,2024-05-13 02:00:37,14
183,14,Isabella Lopez,isabella.lopez@example.com,45678901234,456-789-0123,passwordvwx,45678,2024-05-13 02:00:37,2024-05-13 02:00:37,197,2024-04-06,3,42,42,3,11,60,Artisanal Wonders,Unique artisanal kitchenware,Kitchen & Dining,2024-05-13 02:00:37,2024-05-13 02:00:37,3,Handwoven Area Rug,Handwoven area rug,"Add warmth and texture to your floors with this handwoven area rug, crafted from natural fibers.",60,Home Decor,2024-05-13 02:00:37,2024-05-13 02:00:37,11
184,15,Sophia Hernandez,sophia.hernandez@example.com,56789012345,567-890-1234,passwordyz,56789,2024-05-13 02:00:37,2024-05-13 02:00:37,12,2024-04-04,3,12,12,1,15,50,Crafty Creations,Handmade jewelry and accessories,Fashion,2024-05-13 02:00:37,2024-05-13 02:00:37,1,Industrial Bar Stool,Industrial bar stool,"Add an industrial touch to your kitchen or bar area with this sturdy metal bar stool, featuring a vintage-inspired design.",50,Furniture,2024-05-13 02:00:37,2024-05-13 02:00:37,15
185,15,Sophia Hernandez,sophia.hernandez@example.com,56789012345,567-890-1234,passwordyz,56789,2024-05-13 02:00:37,2024-05-13 02:00:37,24,2024-04-08,3,24,24,2,10,30,Rustic Elegance,Custom-made wooden furniture,Home Decor,2024-05-13 02:00:37,2024-05-13 02:00:37,2,Vintage Desk Lamp,Vintage desk lamp,"Illuminate your workspace with this vintage-inspired desk lamp, featuring an adjustable arm.",30,Lighting,2024-05-13 02:00:37,2024-05-13 02:00:37,10
186,15,Sophia Hernandez,sophia.hernandez@example.com,56789012345,567-890-1234,passwordyz,56789,2024-05-13 02:00:37,2024-05-13 02:00:37,36,2024-04-12,3,36,36,3,5,150,Artisanal Wonders,Unique artisanal kitchenware,Kitchen & Dining,2024-05-13 02:00:37,2024-05-13 02:00:37,3,Vintage Armchair,Elegant vintage armchair,Add a touch of vintage charm to your home with this beautifully upholstered armchair.,150,Furniture,2024-05-13 02:00:37,2024-05-13 02:00:37,5
187,15,Sophia Hernandez,sophia.hernandez@example.com,56789012345,567-890-1234,passwordyz,56789,2024-05-13 02:00:37,2024-05-13 02:00:37,48,2024-04-16,3,48,48,3,17,35,Artisanal Wonders,Unique artisanal kitchenware,Kitchen & Dining,2024-05-13 02:00:37,2024-05-13 02:00:37,3,Bohemian Wall Tapestry,Bohemian wall tapestry,"Add a bohemian flair to your space with this colorful wall tapestry, featuring intricate patterns and fringe details.",35,Home Decor,2024-05-13 02:00:37,2024-05-13 02:00:37,5
188,15,Sophia Hernandez,sophia.hernandez@example.com,56789012345,567-890-1234,passwordyz,56789,2024-05-13 02:00:37,2024-05-13 02:00:37,60,2024-04-20,3,60,60,4,12,15,Eco-Friendly Finds,Sustainable home decor and accessories,Eco-Friendly,2024-05-13 02:00:37,2024-05-13 02:00:37,4,Ceramic Plant Pot,Ceramic plant pot,"Bring nature indoors with this elegant ceramic plant pot, perfect for housing your favorite houseplants.",15,Garden,2024-05-13 02:00:37,2024-05-13 02:00:37,12
189,15,Sophia Hernandez,sophia.hernandez@example.com,56789012345,567-890-1234,passwordyz,56789,2024-05-13 02:00:37,2024-05-13 02:00:37,72,2024-04-24,3,72,72,5,7,80,Boho Chic,Bohemian-inspired decor and accessories,Decor,2024-05-13 02:00:37,2024-05-13 02:00:37,5,Abstract Canvas Painting,Contemporary abstract canvas painting,"Enhance your walls with this vibrant abstract canvas painting, perfect for modern interiors.",80,Art,2024-05-13 02:00:37,2024-05-13 02:00:37,7
190,15,Sophia Hernandez,sophia.hernandez@example.com,56789012345,567-890-1234,passwordyz,56789,2024-05-13 02:00:37,2024-05-13 02:00:37,84,2024-04-28,3,84,84,5,19,30,Boho Chic,Bohemian-inspired decor and accessories,Decor,2024-05-13 02:00:37,2024-05-13 02:00:37,5,Scandinavian Throw Blanket,Scandinavian throw blanket,"Stay cozy on chilly nights with this Scandinavian-inspired throw blanket, featuring a classic striped design.",30,Home Decor,2024-05-13 02:00:37,2024-05-13 02:00:37,7
191,15,Sophia Hernandez,sophia.hernandez@example.com,56789012345,567-890-1234,passwordyz,56789,2024-05-13 02:00:37,2024-05-13 02:00:37,102,2024-04-04,1,17,17,1,20,70,Crafty Creations,Handmade jewelry and accessories,Fashion,2024-05-13 02:00:37,2024-05-13 02:00:37,1,Modern Wall Mirror,Modern wall mirror,"Add depth and style to your space with this modern wall mirror, featuring a sleek frameless design.",70,Home Decor,2024-05-13 02:00:37,2024-05-13 02:00:37,8
192,15,Sophia Hernandez,sophia.hernandez@example.com,56789012345,567-890-1234,passwordyz,56789,2024-05-13 02:00:37,2024-05-13 02:00:37,114,2024-04-08,1,29,29,2,15,50,Rustic Elegance,Custom-made wooden furniture,Home Decor,2024-05-13 02:00:37,2024-05-13 02:00:37,2,Industrial Bar Stool,Industrial bar stool,"Add an industrial touch to your kitchen or bar area with this sturdy metal bar stool, featuring a vintage-inspired design.",50,Furniture,2024-05-13 02:00:37,2024-05-13 02:00:37,15
193,15,Sophia Hernandez,sophia.hernandez@example.com,56789012345,567-890-1234,passwordyz,56789,2024-05-13 02:00:37,2024-05-13 02:00:37,126,2024-04-12,1,41,41,3,10,30,Artisanal Wonders,Unique artisanal kitchenware,Kitchen & Dining,2024-05-13 02:00:37,2024-05-13 02:00:37,3,Vintage Desk Lamp,Vintage desk lamp,"Illuminate your workspace with this vintage-inspired desk lamp, featuring an adjustable arm.",30,Lighting,2024-05-13 02:00:37,2024-05-13 02:00:37,10
194,15,Sophia Hernandez,sophia.hernandez@example.com,56789012345,567-890-1234,passwordyz,56789,2024-05-13 02:00:37,2024-05-13 02:00:37,138,2024-04-16,1,53,53,4,5,150,Eco-Friendly Finds,Sustainable home decor and accessories,Eco-Friendly,2024-05-13 02:00:37,2024-05-13 02:00:37,4,Vintage Armchair,Elegant vintage armchair,Add a touch of vintage charm to your home with this beautifully upholstered armchair.,150,Furniture,2024-05-13 02:00:37,2024-05-13 02:00:37,5
195,15,Sophia Hernandez,sophia.hernandez@example.com,56789012345,567-890-1234,passwordyz,56789,2024-05-13 02:00:37,2024-05-13 02:00:37,150,2024-04-20,1,65,65,4,17,35,Eco-Friendly Finds,Sustainable home decor and accessories,Eco-Friendly,2024-05-13 02:00:37,2024-05-13 02:00:37,4,Bohemian Wall Tapestry,Bohemian wall tapestry,"Add a bohemian flair to your space with this colorful wall tapestry, featuring intricate patterns and fringe details.",35,Home Decor,2024-05-13 02:00:37,2024-05-13 02:00:37,5
196,15,Sophia Hernandez,sophia.hernandez@example.com,56789012345,567-890-1234,passwordyz,56789,2024-05-13 02:00:37,2024-05-13 02:00:37,162,2024-04-24,1,77,77,5,12,15,Boho Chic,Bohemian-inspired decor and accessories,Decor,2024-05-13 02:00:37,2024-05-13 02:00:37,5,Ceramic Plant Pot,Ceramic plant pot,"Bring nature indoors with this elegant ceramic plant pot, perfect for housing your favorite houseplants.",15,Garden,2024-05-13 02:00:37,2024-05-13 02:00:37,12
197,15,Sophia Hernandez,sophia.hernandez@example.com,56789012345,567-890-1234,passwordyz,56789,2024-05-13 02:00:37,2024-05-13 02:00:37,174,2024-04-28,1,4,4,1,7,80,Crafty Creations,Handmade jewelry and accessories,Fashion,2024-05-13 02:00:37,2024-05-13 02:00:37,1,Abstract Canvas Painting,Contemporary abstract canvas painting,"Enhance your walls with this vibrant abstract canvas painting, perfect for modern interiors.",80,Art,2024-05-13 02:00:37,2024-05-13 02:00:37,7
198,15,Sophia Hernandez,sophia.hernandez@example.com,56789012345,567-890-1234,passwordyz,56789,2024-05-13 02:00:37,2024-05-13 02:00:37,186,2024-04-02,1,40,40,3,9,45,Artisanal Wonders,Unique artisanal kitchenware,Kitchen & Dining,2024-05-13 02:00:37,2024-05-13 02:00:37,3,Rustic Wooden Shelf,Rustic wooden shelf,"Display your favorite decor items with this rustic wooden shelf, crafted from reclaimed wood.",45,Decor,2024-05-13 02:00:37,2024-05-13 02:00:37,9
199,15,Sophia Hernandez,sophia.hernandez@example.com,56789012345,567-890-1234,passwordyz,56789,2024-05-13 02:00:37,2024-05-13 02:00:37,198,2024-04-06,1,34,34,2,20,70,Rustic Elegance,Custom-made wooden furniture,Home Decor,2024-05-13 02:00:37,2024-05-13 02:00:37,2,Modern Wall Mirror,Modern wall mirror,"Add depth and style to your space with this modern wall mirror, featuring a sleek frameless design.",70,Home Decor,2024-05-13 02:00:37,2024-05-13 02:00:37,8
